Date,Close,Adjusted,Open,High,Low
05-01-15,47.8,8.48,48,48.2,47.6
06-01-15,48.1,8.53,47.5,48.1,47.3
07-01-15,48.4,8.59,48.1,49.1,48.1
08-01-15,47.9,8.5,48.3,48.4,47.8
09-01-15,48.3,8.57,47.9,48.5,47.9
12-01-15,48.6,8.62,48.3,49.2,48.3
13-01-15,48.7,8.64,48.4,48.8,48.4
14-01-15,48.6,8.62,48.7,48.9,48.2
15-01-15,48.7,8.64,48.8,48.8,48.4
16-01-15,48.5,8.6,48.8,48.8,48.4
19-01-15,48,8.52,48.5,48.5,48
20-01-15,48,8.52,48,48.2,47.9
21-01-15,48.4,8.59,48.2,48.8,48.2
22-01-15,48.2,8.55,48.6,48.6,48.2
23-01-15,48.4,8.59,48.4,48.7,48.2
26-01-15,48.4,8.59,48.4,48.7,48.4
27-01-15,48,8.52,48.3,48.6,48
28-01-15,47.9,8.5,47.9,48.3,47.8
29-01-15,47.9,8.5,47.9,48,47.8
30-01-15,47.5,8.43,48,48.1,47.5
02-02-15,47.4,8.41,47.6,47.8,47.3
03-02-15,47,8.34,47.4,47.5,47
04-02-15,46.9,8.32,47.4,47.4,46.7
05-02-15,47.2,8.37,47,47.5,46.9
06-02-15,47.3,8.39,47.5,47.5,47.2
09-02-15,47.2,8.37,47.7,47.7,47.2
10-02-15,47.1,8.36,47.2,47.3,47
11-02-15,47.5,8.43,47.3,47.5,47.2
12-02-15,47.8,8.48,47.9,48.2,47.8
13-02-15,48,8.52,48,48.2,47.8
24-02-15,48.6,8.62,48.2,48.8,48.2
25-02-15,48.5,8.6,48.8,49,48.4
26-02-15,49,8.69,48.4,49,48.4
27-02-15,48.8,8.66,49.1,49.3,48.7
02-03-15,48.5,8.6,49,49,48.4
03-03-15,48.9,8.68,49,48.9,48.6
04-03-15,50,8.87,49.2,50.5,49.2
05-03-15,50,8.87,50.5,51,50
06-03-15,50,8.87,50,50.5,49.9
09-03-15,49.2,8.73,49.9,50,49.2
10-03-15,49.7,8.82,49.5,49.7,49.3
11-03-15,49.5,8.78,49.7,49.7,49.4
12-03-15,49.2,8.73,49.5,49.5,49.1
13-03-15,49.2,8.73,49.5,49.7,49.1
16-03-15,49.4,8.76,49.2,49.4,49.2
17-03-15,50,8.87,49.5,50.5,49.5
18-03-15,49.6,8.8,50,50,49.6
19-03-15,49.5,8.78,50,50,49.5
20-03-15,49.8,8.83,49.9,49.9,49.4
23-03-15,49.4,8.76,49.5,49.9,49.4
24-03-15,49.1,8.71,49.5,49.5,48.8
25-03-15,49.2,8.73,49.5,49.5,49
26-03-15,49.3,8.75,49.4,49.4,49.2
27-03-15,49.2,8.73,49.6,49.6,49.2
30-03-15,48.4,8.59,49.4,49.4,48.4
31-03-15,48.4,8.59,48.4,48.7,48.4
01-04-15,47.7,8.46,48.4,48.7,47.7
02-04-15,48.1,8.53,47.8,48.5,47.7
03-04-15,48.8,8.66,48.5,48.8,48.1
06-04-15,48.5,8.6,48.8,49.1,48.5
07-04-15,48.9,8.68,48.4,49,48.4
08-04-15,48.9,8.68,49,49.1,48.8
09-04-15,48.9,8.68,48.9,49,48.5
10-04-15,49.2,8.73,48.9,49.4,48.8
13-04-15,49.2,8.73,49.2,49.4,49.1
14-04-15,48.7,8.64,49.2,49.2,48.7
15-04-15,48.9,8.68,48.9,49,48.5
16-04-15,48.8,8.66,48.9,49.2,48.7
17-04-15,51,9.05,48.9,51.5,48.9
20-04-15,50.5,8.96,51,51,49.9
21-04-15,50,8.87,50.5,51,50
22-04-15,50,8.87,50,51,50
23-04-15,50.5,8.96,50.5,51,49.8
24-04-15,50.5,8.96,50.5,51,50
27-04-15,51.5,9.14,51.5,52.5,51
04-05-15,49.4,8.76,51.5,52,49
05-05-15,50,8.87,49.4,50.5,49.2
06-05-15,49.6,8.8,50,50.5,49.6
07-05-15,49.9,8.85,49.8,50.5,49.6
08-05-15,49.9,8.85,49.9,50.5,49.9
11-05-15,49.7,8.82,50,50,49.6
12-05-15,49.2,8.73,49.7,49.7,49.2
13-05-15,49.2,8.73,49.2,49.3,48.7
14-05-15,49.3,8.75,49,49.6,49
15-05-15,49.1,8.71,49.4,49.6,49.1
18-05-15,48.8,8.66,49,49.2,48.8
19-05-15,49.2,8.73,48.7,49.2,48.7
20-05-15,51,9.05,49.6,51,49.5
21-05-15,52.5,9.31,51,53,50.5
22-05-15,52,9.23,52.5,53,52
25-05-15,54,9.58,52,54,52
26-05-15,53,9.4,53.5,54,53
27-05-15,52.5,9.31,53,53.5,52
28-05-15,45.4,9.44,45.5,45.9,45.1
29-05-15,45,9.36,45.5,45.5,44.9
01-06-15,44.3,9.21,44.9,44.9,44.3
02-06-15,43.7,9.09,44.3,44.3,43.7
03-06-15,44.2,9.19,43.7,44.8,43.6
04-06-15,44.4,9.23,44.2,44.5,44.2
05-06-15,44.8,9.32,44.5,44.9,44.2
08-06-15,44.3,9.21,45,45.1,44.3
09-06-15,44.3,9.21,44.2,45.2,44.2
10-06-15,44.6,9.28,44.3,44.7,44.1
11-06-15,44.8,9.32,44.6,44.9,44.6
12-06-15,45.1,9.38,44.9,45.3,44.9
15-06-15,45,9.36,45.4,45.4,44.8
16-06-15,44.5,9.26,45,45.2,44.5
17-06-15,44.4,9.23,44.4,44.6,44.3
18-06-15,44.5,9.26,44.4,45,44.4
19-06-15,44.8,9.32,44.5,45.1,44.5
22-06-15,45.6,9.48,45,45.8,44.9
23-06-15,45.5,9.46,45.6,45.7,45.4
24-06-15,45.2,9.4,45.6,45.6,45.2
25-06-15,45,9.36,45.1,45.2,45
26-06-15,46.3,9.63,45.1,47.9,45.1
29-06-15,46.8,9.73,46.8,47.7,46.5
30-06-15,46.4,9.65,46.3,46.7,46.3
01-07-15,46.8,9.73,46.4,47.1,46.1
02-07-15,47.2,9.82,46.7,47.4,46.6
03-07-15,47,9.78,47.4,47.4,46.9
06-07-15,47.5,9.88,47.1,47.5,47
07-07-15,47.6,9.9,47.4,48.4,47.2
08-07-15,46.7,9.71,47.6,47.8,46.6
09-07-15,46.7,9.71,46.5,46.9,46.2
10-07-15,46.6,9.69,46.7,47,46.4
13-07-15,46.9,9.75,46.6,47.5,46.5
14-07-15,46.9,9.75,46.9,47.2,46.6
15-07-15,46.4,9.65,47,47,46.4
16-07-15,46.4,9.65,46.2,46.4,45.8
17-07-15,46.4,9.65,46.3,46.9,46.2
20-07-15,46.2,9.61,46.4,46.4,45.9
21-07-15,45.6,9.48,46,46.1,45.4
22-07-15,46.5,9.67,45.6,46.5,45.5
23-07-15,47,9.78,46.4,47.9,46.4
24-07-15,47.6,9.9,47.2,47.8,47.2
27-07-15,49,10.19,47.9,49.5,47.8
28-07-15,48.2,10.02,49,49,48.2
29-07-15,47.9,9.96,48.2,48.7,47.7
30-07-15,47.3,9.84,47.9,48,47.3
31-07-15,47.3,9.84,47.7,47.8,47.3
03-08-15,46.5,9.67,47,47,46.4
04-08-15,47,9.78,46.9,47.4,46.6
05-08-15,47.4,9.86,47.4,47.4,46.9
06-08-15,46.8,9.73,47.4,47.6,46.8
07-08-15,47.3,9.84,47,47.5,46.7
10-08-15,48.5,10.09,47.5,48.5,47.5
11-08-15,48.3,10.05,48.5,49,48
12-08-15,47.6,9.9,48,48,47.3
13-08-15,47,9.78,47.6,47.6,46.8
14-08-15,46.8,9.73,46.9,47.3,46.5
17-08-15,46.2,9.61,46.8,47.1,46
18-08-15,46.6,9.69,46.2,46.7,46
19-08-15,46.1,9.8,45.9,46.5,45.5
20-08-15,45.5,9.67,46.2,46.2,45.4
21-08-15,45.2,9.61,45.1,45.2,44
24-08-15,42.4,9.01,44.4,44.6,42.3
25-08-15,42.9,9.12,42,43.5,42
26-08-15,44.1,9.37,43,44.5,43
27-08-15,44.3,9.42,44.1,44.6,44
28-08-15,44.7,9.5,44.6,44.8,44.3
31-08-15,44.2,9.39,44.5,44.8,44.1
01-09-15,44.1,9.37,44.4,44.4,43.9
03-09-15,43.7,9.29,43.9,44.1,43.7
04-09-15,43.8,9.31,43.7,44.1,43.6
07-09-15,43.6,9.27,44,44,43.4
08-09-15,43.9,9.33,43.5,44.1,43.5
09-09-15,44.1,9.37,44.3,44.4,44.1
10-09-15,44.2,9.39,44.1,44.2,43.9
11-09-15,44,9.35,44.4,44.4,44
14-09-15,43.7,9.29,44,44,43.7
15-09-15,43.7,9.29,43.6,43.9,43.5
16-09-15,43.7,9.29,43.7,43.9,43.6
17-09-15,43.8,9.31,43.7,44,43.7
18-09-15,44.6,9.48,44.6,44.9,44.1
21-09-15,45.5,9.67,45.5,45.5,44.5
22-09-15,45.2,9.61,45.5,45.6,45.1
23-09-15,44.9,9.54,45.1,45.4,44.9
24-09-15,45.1,9.59,44.8,45.3,44.8
25-09-15,44.9,9.54,45.2,45.2,44.8
28-09-15,44.5,9.46,44.9,45,44.5
29-09-15,44.5,9.46,44.5,44.5,44.3
30-09-15,44.5,9.46,44.8,44.8,44.3
01-10-15,44.6,9.48,44.5,44.7,44.4
02-10-15,44.6,9.48,44.6,44.8,44.5
05-10-15,45,9.56,44.7,45.1,44.6
06-10-15,46,9.78,45.6,46.2,45.4
07-10-15,45.2,9.61,46.2,46.2,45
08-10-15,45.8,9.73,45.2,45.8,45.2
09-10-15,45.8,9.73,46,46.4,45.8
12-10-15,45.8,9.73,45.7,45.9,45.7
13-10-15,45.5,9.67,45.8,45.8,45.4
14-10-15,46.7,9.93,46.7,47.9,46.6
15-10-15,46.6,9.9,46.9,46.9,46.5
16-10-15,46.7,9.93,46.7,46.9,46.7
19-10-15,47.1,10.01,46.7,47.8,46.7
20-10-15,47.3,10.05,47.1,47.9,47
21-10-15,47,9.99,47.6,47.6,47
22-10-15,46.9,9.97,46.8,47.1,46.8
23-10-15,47.1,10.01,47.2,47.4,47
26-10-15,47.6,10.12,47.5,48.5,47.5
27-10-15,48,10.2,47.4,48.3,47.4
28-10-15,48.8,10.37,48.1,48.9,48.1
29-10-15,49.3,10.48,49.3,49.7,49.1
30-10-15,49.3,10.48,49.4,49.5,48.9
02-11-15,49.5,10.52,49.4,51,49.3
03-11-15,52.5,11.16,50,52.5,49.9
04-11-15,52,11.05,53,53.5,52
05-11-15,53.5,11.37,51.5,53.5,51.5
06-11-15,52.5,11.16,53.5,54.5,52
09-11-15,51.5,10.95,52,52.5,51.5
10-11-15,51,10.84,51.5,52,50.5
11-11-15,50.5,10.73,50.5,52,50.5
12-11-15,53,11.26,51,53.5,50.5
13-11-15,54.5,11.58,53,54.5,52.5
16-11-15,54,11.48,54,55,53
17-11-15,52,11.05,53.5,54,52
18-11-15,52,11.05,51.5,53,51.5
19-11-15,51.5,10.95,52,53,51.5
20-11-15,51,10.84,51,52,51
23-11-15,49.5,10.52,51,51.5,49.5
24-11-15,49.1,10.44,49.7,49.7,48.4
25-11-15,50,10.63,49.3,50.5,48.5
26-11-15,49,10.41,49.8,50,49
27-11-15,48.9,10.39,49.2,49.9,48.9
30-11-15,48.3,10.27,49,49,48.3
01-12-15,48.2,10.24,48.6,48.8,48.1
02-12-15,48.4,10.29,48.4,48.7,48.2
03-12-15,48.5,10.31,48.5,48.7,48.3
04-12-15,47.9,10.18,48.5,48.5,47.7
07-12-15,47.5,10.1,47.8,48,47.5
08-12-15,49,10.41,47.3,49.1,47.1
09-12-15,48.2,10.24,49,49.4,48.2
10-12-15,47.8,10.16,48.2,48.6,47.8
11-12-15,48,10.2,47.7,48.5,47.7
14-12-15,47.8,10.16,47.9,48.2,47.8
15-12-15,48.5,10.31,47.8,48.5,47.8
16-12-15,48.8,10.37,48.7,49.3,48.7
17-12-15,49.2,10.46,49.2,49.5,49
18-12-15,48.9,10.39,49.2,49.3,48.9
21-12-15,48.5,10.31,48.9,48.9,48.3
22-12-15,48.1,10.22,48.5,48.7,48.1
23-12-15,47.9,10.18,48.3,48.4,47.8
24-12-15,47.8,10.16,48.1,48.2,47.8
25-12-15,47.8,10.16,48,48,47.7
28-12-15,48.1,10.22,48,48.7,47.7
29-12-15,48.3,10.27,48.2,48.5,48.1
30-12-15,48.3,10.27,48.3,48.9,48.3
31-12-15,48.3,10.27,48.3,48.8,48.2
04-01-16,47.8,10.16,47.8,48.5,47.8
05-01-16,47.8,10.16,47.8,48,47.7
06-01-16,47.9,10.18,47.8,48.1,47.8
07-01-16,47,9.99,47.9,47.9,47
08-01-16,46.3,9.84,46.8,46.9,46
11-01-16,45.9,9.76,46.3,46.3,45.9
12-01-16,46.9,9.97,46,46.9,45.7
13-01-16,46.4,9.86,47,47.3,46.3
14-01-16,46.2,9.82,46.1,46.4,46
15-01-16,46.1,9.8,46.2,46.5,46
18-01-16,44.9,9.54,45.7,45.7,44.3
19-01-16,45.1,9.59,44.9,45.3,44.7
20-01-16,44.9,9.54,45.1,45.5,44.9
21-01-16,44.9,9.54,44.8,45.1,44.6
22-01-16,44.8,9.52,45,45.1,44.3
25-01-16,47.1,10.01,45.5,47.1,45
26-01-16,45.9,9.76,46.5,46.6,45.9
27-01-16,46.3,9.84,46.5,46.5,46.2
28-01-16,46,9.78,46.3,46.4,45.8
29-01-16,46.4,9.86,46.3,46.5,45.9
01-02-16,46.6,9.9,46.5,46.9,46
02-02-16,46.2,9.82,46.3,46.7,46.2
03-02-16,46.6,9.9,46.4,46.9,46.2
04-02-16,46.5,9.88,46.9,46.9,46.5
05-02-16,46.9,9.97,46.7,47,46.5
15-02-16,46.7,9.93,46.7,46.8,46.3
16-02-16,47.3,10.05,47,47.5,46.7
17-02-16,47.5,10.1,47.5,48.2,47.5
18-02-16,48.1,10.22,47.7,48.3,47.6
19-02-16,47.7,10.14,48,48,47.6
22-02-16,48.2,10.24,47.7,48.2,47.7
23-02-16,47.8,10.16,48.5,48.5,47.8
24-02-16,47.8,10.16,47.7,48,47.6
25-02-16,47.6,10.12,48,48.3,47.6
26-02-16,47.7,10.14,47.8,47.8,47.4
29-02-16,47.8,10.16,47.9,47.9,47.6
01-03-16,48.2,10.24,47.8,48.9,47.6
02-03-16,48.7,10.35,48.4,48.8,48.3
03-03-16,48.8,10.37,48.8,49.3,48.8
04-03-16,49,10.41,48.6,49.3,48.6
07-03-16,48.6,10.33,48.6,49.4,48.6
08-03-16,48,10.2,48.6,48.7,48
09-03-16,48,10.2,47.8,48.2,47.8
10-03-16,48.2,10.24,48,48.3,47.9
11-03-16,48.5,10.31,48.4,48.9,48.4
14-03-16,48.7,10.35,49,49.4,48.7
15-03-16,48.5,10.31,48.9,49.1,48.5
16-03-16,48.5,10.31,48.5,48.7,48.4
17-03-16,48.5,10.31,48.5,48.9,48.5
18-03-16,49.3,10.48,49,49.9,49
21-03-16,49.2,10.46,49.3,49.5,49
22-03-16,48.7,10.35,49,49.1,48.7
23-03-16,48.7,10.35,48.7,49,48.5
24-03-16,48.4,10.29,48.8,48.9,48.4
25-03-16,47.9,10.18,48.2,48.4,47.6
28-03-16,48,10.2,48.3,48.3,47.9
29-03-16,47.5,10.1,48,48,47.4
30-03-16,47.5,10.1,47.5,47.9,47.2
31-03-16,47.1,10.01,47.5,48,47.1
01-04-16,46.8,9.95,47.1,47.2,46.7
04-04-16,46.8,9.95,46.7,47,46.7
05-04-16,47,9.99,46.8,47.2,46.7
06-04-16,47.4,10.07,47,47.4,46.9
07-04-16,47.8,10.16,47.5,47.9,47.4
08-04-16,47.6,10.12,47.6,48,47.6
11-04-16,47.9,10.18,47.8,48.2,47.5
12-04-16,47.7,10.14,48,48,47.5
13-04-16,47.6,10.12,47.6,47.8,47.5
14-04-16,47.5,10.1,47.5,47.8,47.5
15-04-16,47.2,10.03,47.6,47.7,47.2
19-04-16,47,9.99,47.2,47.5,47
20-04-16,47.1,10.01,47,47.2,46.9
21-04-16,47.3,10.05,47.3,47.5,47.1
22-04-16,47.8,10.16,47.3,47.8,47.1
25-04-16,47.9,10.18,48,48.3,47.8
26-04-16,47.9,10.18,47.9,48,47.5
27-04-16,47.7,10.14,48,48.1,47.5
28-04-16,48.4,10.29,48,49.3,47.7
29-04-16,48.6,10.33,48.4,48.7,48.3
04-05-16,48.1,10.22,48.2,48.3,47.7
05-05-16,47.8,10.16,47.9,48.4,47.8
06-05-16,47.5,10.1,47.8,48,47.5
09-05-16,47.2,10.03,47.6,47.8,47.2
10-05-16,47.3,10.05,47.1,47.5,47
11-05-16,47.7,10.14,47.7,47.8,47.3
12-05-16,47.4,10.07,47.9,47.9,47.4
13-05-16,47.4,10.07,47.5,47.6,47.2
16-05-16,47.3,10.05,47.4,47.5,47.2
17-05-16,47.6,10.12,47.4,47.8,47.3
18-05-16,47.7,10.14,48,48.4,47.7
19-05-16,47.7,10.14,48,48,47.6
20-05-16,47.9,10.18,47.7,47.9,47.7
23-05-16,47.8,10.16,48.3,48.3,47.8
24-05-16,47.7,10.14,47.9,48,47.7
25-05-16,47.7,10.14,47.8,47.9,47.6
26-05-16,47.5,10.1,47.8,47.9,47.5
27-05-16,41,10.24,40.8,41.1,40.4
30-05-16,41.1,10.26,41,41.4,41
31-05-16,40.8,10.19,41.2,41.2,40.8
01-06-16,40.8,10.19,41,41,40.8
02-06-16,40.8,10.19,41,41,40.7
03-06-16,40.7,10.16,40.9,40.9,40.6
06-06-16,40.4,10.09,40.7,40.7,40.2
07-06-16,40.5,10.11,40.6,40.6,40.2
08-06-16,40.7,10.16,40.5,40.7,40.4
09-06-16,40.5,10.11,40.7,40.7,40.5
10-06-16,40.5,10.11,40.4,40.6,40.4
13-06-16,40.4,10.09,40.5,40.5,40.4
14-06-16,40.5,10.11,40.3,40.5,40.3
15-06-16,40.3,10.06,40.5,40.5,40.2
16-06-16,40.4,10.09,40.5,40.6,40.3
17-06-16,40.4,10.09,40.4,40.5,40.3
20-06-16,42.7,10.66,40.5,42.9,40.4
21-06-16,42.7,10.66,42.9,43.8,42.6
22-06-16,42.4,10.59,42.5,42.9,42.4
23-06-16,41.9,10.46,42.3,42.4,41.9
24-06-16,40.9,10.21,41.7,41.7,39.1
27-06-16,41.2,10.29,40.9,41.4,40.2
28-06-16,41.2,10.29,41.2,41.4,41
29-06-16,42,10.49,41.1,42.5,41.1
30-06-16,41.8,10.44,42.5,42.6,41.8
01-07-16,41.9,10.46,42,42.3,41.8
04-07-16,42.5,10.61,42,42.7,42
05-07-16,42.2,10.54,42.5,42.7,42.2
06-07-16,42.3,10.56,42.1,42.5,41.9
07-07-16,43.3,10.81,42.7,43.9,42.4
08-07-16,43.6,10.89,43.4,44.4,43.4
11-07-16,42.6,10.64,43.7,44,42.6
12-07-16,42.6,10.64,42.6,43,42
13-07-16,42.9,10.71,42.6,43.3,42.6
14-07-16,43,10.74,43,43.9,42.9
15-07-16,42.6,10.64,42.9,43.2,42.6
18-07-16,42.6,10.64,42.5,42.7,42.2
19-07-16,41.9,10.46,42.7,42.7,41.7
20-07-16,41.6,10.39,41.9,42.1,41.6
21-07-16,41.6,10.39,41.7,42,41.5
22-07-16,41.3,10.31,41.5,41.5,40.9
25-07-16,41.1,10.26,41.3,41.4,41.1
26-07-16,40.9,10.21,41.1,41.2,40.8
27-07-16,41.3,10.31,41.3,41.7,41.2
28-07-16,41.3,10.31,41.3,41.7,41.2
29-07-16,41,10.24,41.3,41.4,41
01-08-16,41.1,10.26,41,41.3,40.8
02-08-16,40.6,10.14,41.1,41.1,40.5
03-08-16,40.5,10.11,40.6,40.8,40.4
04-08-16,40.4,10.09,40.5,40.8,40.4
05-08-16,40.5,10.11,40.4,40.7,40.2
08-08-16,40.6,10.14,40.7,41,40.6
09-08-16,40.9,10.21,40.8,40.9,40.6
10-08-16,41.1,10.26,40.7,41.1,40.7
11-08-16,41.8,10.44,41.3,41.8,41.2
12-08-16,41.6,10.39,42,42.4,41.5
15-08-16,41.6,10.39,41.6,41.7,41.5
16-08-16,42.7,10.66,42,43,41.6
17-08-16,43.2,10.79,42.7,43.5,42.5
18-08-16,43.1,10.76,43.2,44,43
19-08-16,42.4,10.59,43.3,43.3,42.4
22-08-16,41.5,10.61,42,42.1,41.5
23-08-16,41.7,10.66,41.8,41.9,41.4
24-08-16,42,10.74,41.8,42.4,41.8
25-08-16,42.4,10.84,42.1,42.5,41.9
26-08-16,43,11,42.4,43.4,42.4
29-08-16,42.6,10.89,43.2,43.5,42.6
30-08-16,42.6,10.89,42.5,42.9,42.5
31-08-16,43.9,11.23,42.9,44.4,42.7
01-09-16,44.5,11.38,44.3,45,44
05-09-16,44.5,11.38,44.5,44.8,44.1
06-09-16,44.2,11.3,44.4,44.8,44.2
07-09-16,44.1,11.28,44.1,44.1,43.5
08-09-16,45.6,11.66,44.4,46.2,44.2
09-09-16,45.7,11.69,46,46.5,45.5
12-09-16,45,11.51,45.5,45.6,44.9
13-09-16,45.2,11.56,45,45.35,44.5
14-09-16,45.5,11.63,45.15,45.95,45
15-09-16,44.8,11.46,45.5,45.5,44.5
16-09-16,45,11.51,44.5,45,44.4
19-09-16,45.3,11.58,45.4,45.5,44.8
20-09-16,45.65,11.67,45.5,45.9,45.2
21-09-16,45.5,11.63,45.7,45.9,45.4
22-09-16,46.6,11.92,45.5,47.4,45.5
23-09-16,47.4,12.12,46.8,47.6,46.8
26-09-16,47.8,12.22,47.6,48.2,47.6
27-09-16,47.8,12.22,47.75,47.8,47.3
28-09-16,47.9,12.25,47.65,48.5,47.6
29-09-16,47.35,12.11,47.6,48,47.1
30-09-16,46.65,11.93,47.4,47.4,46.65
03-10-16,46.65,11.93,46.7,47.2,46.3
04-10-16,46.8,11.97,46.9,47.35,46
05-10-16,46.8,11.97,47,47,46.65
06-10-16,46.1,11.79,46.8,46.95,46.1
07-10-16,45.05,11.52,46.15,46.3,44.7
10-10-16,43.6,11.15,45.05,45.05,43.6
11-10-16,44.5,11.38,43.6,44.5,43.15
12-10-16,43.8,11.2,44.4,44.6,43.7
13-10-16,44,11.25,43.7,44.2,43.4
14-10-16,43.85,11.21,43.9,44.1,43.8
17-10-16,43.4,11.1,43.9,43.9,43.4
18-10-16,43.6,11.15,43.4,43.85,43
19-10-16,43.85,11.21,43.5,44.15,43.5
20-10-16,43.5,11.12,44.1,44.2,43.45
21-10-16,43.4,11.1,43.5,43.75,43.4
24-10-16,43.2,11.05,43.4,43.6,43.1
25-10-16,43.2,11.05,43.2,43.9,42.8
26-10-16,43,11,43.2,43.6,42.9
27-10-16,43.2,11.05,43.3,43.3,43
28-10-16,43.6,11.15,43.2,43.6,43.15
31-10-16,43.5,11.12,43.5,43.9,43.5
01-11-16,43.3,11.07,43.6,43.6,43.3
02-11-16,42.6,10.89,43.3,43.4,42.6
03-11-16,42,10.74,42.5,42.5,41.7
04-11-16,42.15,10.78,42,42.4,42
07-11-16,42.8,10.94,42.1,42.9,42.1
08-11-16,42.85,10.96,42.8,43.25,42.8
09-11-16,42.2,10.79,42.85,42.85,41.1
10-11-16,42.7,10.92,42.6,42.9,42.5
11-11-16,43,11,42.9,43.45,42.8
14-11-16,42.75,10.93,42.7,43,42.6
15-11-16,43.2,11.05,42.8,43.2,42.7
16-11-16,43.05,11.01,43.3,43.4,42.8
17-11-16,42.6,10.89,43.05,43.05,42.6
18-11-16,43.1,11.02,42.5,43.15,42.5
21-11-16,43.1,11.02,43.2,43.4,42.8
22-11-16,43.1,11.02,43,43.35,43
23-11-16,43.95,11.24,43.3,44.1,43.1
24-11-16,44.35,11.34,43.8,44.75,43.8
25-11-16,43.95,11.24,44.4,44.4,43.9
28-11-16,43.5,11.12,43.95,43.95,43.2
29-11-16,43.15,11.03,43.5,43.5,42.7
30-11-16,43.35,11.08,43,43.35,42.9
01-12-16,43.2,11.05,43.2,43.8,43.2
02-12-16,42.95,10.98,43.2,43.35,42.9
05-12-16,42.6,10.89,43,43.2,42.6
06-12-16,42.3,10.82,42.8,42.85,42.3
07-12-16,42.1,10.77,42.3,42.5,42.1
08-12-16,42.25,10.8,42.5,42.5,42.2
09-12-16,42.9,10.97,42.55,43.5,42.5
12-12-16,42.2,10.79,43,43,42.2
13-12-16,41.8,10.69,42.2,42.35,41.8
14-12-16,42,10.74,41.8,42.2,41.75
15-12-16,41.85,10.7,42,42.1,41.8
16-12-16,42.1,10.77,41.95,42.1,41.8
19-12-16,42.7,10.92,42.1,42.7,42.1
20-12-16,42.55,10.88,42.55,42.9,42.5
21-12-16,42.5,10.87,42.55,42.75,42.45
22-12-16,42.55,10.88,42.8,43.2,42.5
23-12-16,42.65,10.91,42.85,42.85,42.5
26-12-16,42.7,10.92,42.65,42.9,42.5
27-12-16,43.15,11.03,42.7,43.5,42.7
28-12-16,43.6,11.15,43.25,43.8,43.25
29-12-16,43.45,11.11,43.8,43.8,43.3
30-12-16,44,11.25,43.6,44.25,43.35
03-01-17,44.85,11.47,44.85,44.95,44.3
04-01-17,45.25,11.57,44.8,45.7,44.7
05-01-17,45.1,11.53,45.2,45.4,45.1
06-01-17,44.95,11.49,45.2,45.5,44.95
09-01-17,45.2,11.56,45.05,45.4,44.9
10-01-17,46,11.76,45.25,46,45.15
11-01-17,46.1,11.79,46.3,46.6,46.1
12-01-17,45.95,11.75,46.1,46.2,45.85
13-01-17,44.9,11.48,46.1,46.4,44.7
16-01-17,44,11.25,44.9,44.9,44
17-01-17,44.4,11.35,44,44.8,44
18-01-17,43.8,11.2,44.7,44.7,43.8
19-01-17,43.8,11.2,43.8,44,43.45
20-01-17,44.2,11.3,43.8,44.5,43.75
23-01-17,44.45,11.37,44.4,44.6,44.2
24-01-17,44.7,11.43,44.7,44.9,44.3
25-01-17,45.1,11.53,44.9,45.3,44.65
02-02-17,44.9,11.48,45.2,45.4,44.6
03-02-17,44.7,11.43,44.7,44.9,44.4
06-02-17,44.3,11.33,44.5,44.5,44.2
07-02-17,44.5,11.38,44.25,44.7,44.25
08-02-17,44.6,11.4,44.6,44.95,44.45
09-02-17,44.55,11.39,44.6,44.7,44.5
10-02-17,44.45,11.37,44.5,44.6,44.25
13-02-17,44.8,11.46,44.6,44.85,44.4
14-02-17,46.4,11.86,45,46.4,44.9
15-02-17,46,11.76,46.5,46.5,45.8
16-02-17,45.3,11.58,46,46.25,45.3
17-02-17,45.3,11.58,45.2,45.5,44.9
20-02-17,45.05,11.52,45.3,45.4,45
21-02-17,45.4,11.61,45.3,45.9,45.05
22-02-17,45.8,11.71,45.7,46.3,45.4
23-02-17,46,11.76,45.9,46.35,45.65
24-02-17,46,11.76,46,46.1,45.5
27-02-17,46.55,11.9,46.55,46.9,46
28-02-17,45.85,11.72,46.6,46.8,45.8
01-03-17,45.7,11.69,45.85,45.9,45.35
02-03-17,45.45,11.62,45.7,45.9,45.4
03-03-17,45.65,11.67,45.45,45.9,45.15
06-03-17,45.95,11.75,45.65,46.1,45.65
07-03-17,45.8,11.71,46,46,45.55
08-03-17,45.8,11.71,45.7,46,45.55
09-03-17,45.5,11.63,45.8,45.9,45.5
10-03-17,46,11.76,46,46.4,45.7
13-03-17,45.75,11.7,46.1,46.3,45.7
14-03-17,45.7,11.69,45.8,46.2,45.7
15-03-17,45.55,11.65,45.7,45.9,45.45
16-03-17,45.7,11.69,45.6,45.9,45.5
17-03-17,45.9,11.74,45.9,46.3,45.75
20-03-17,46.6,11.92,45.9,46.7,45.9
21-03-17,46.6,11.92,46.8,47.25,46.6
22-03-17,46.1,11.79,46.7,46.75,46.1
23-03-17,48,12.27,46,48,45.9
24-03-17,47.7,12.2,48.4,49,47.45
27-03-17,47.6,12.17,47.6,48,47.25
28-03-17,47.4,12.12,47.6,48.25,47.3
29-03-17,47.5,12.15,47.4,47.8,47.2
30-03-17,47.1,12.04,47.5,47.85,47.1
31-03-17,47.3,12.1,47.1,47.7,47
03-04-17,46.4,11.86,47.3,47.5,46.4
04-04-17,47,12.02,46.35,47,46.35
05-04-17,46.55,11.9,47,47,46.55
07-04-17,47,12.02,46.35,47.05,46.35
10-04-17,47,12.02,47,47.25,46.9
11-04-17,46.95,12.01,47,47.3,46.8
12-04-17,47.55,12.16,47,47.75,46.95
13-04-17,47.25,12.08,47.35,47.6,47.2
14-04-17,46.05,11.78,47.1,47.15,45.9
17-04-17,45.7,11.69,46.05,46.5,45.7
18-04-17,46,11.76,45.7,46,45.35
19-04-17,46,11.76,46,46.4,45.9
20-04-17,45.85,11.72,46,46.35,45.8
21-04-17,45.85,11.72,46.2,46.4,45.85
24-04-17,45.75,11.7,45.85,46.05,45.65
25-04-17,45.65,11.67,45.6,46,45.5
26-04-17,46,11.76,45.9,46.05,45.7
27-04-17,46.5,11.89,46.1,46.7,46.1
28-04-17,46.45,11.88,46.4,46.55,46
03-05-17,47,12.02,46.7,47.3,46.45
04-05-17,47,12.02,47,47.4,46.9
05-05-17,47.1,12.04,47,47.25,46.9
08-05-17,47,12.02,46.9,47.15,46.8
09-05-17,48.3,12.35,47.2,48.3,47.2
10-05-17,48.1,12.3,48.5,48.95,48.1
11-05-17,48.1,12.3,48.1,48.4,47.65
12-05-17,48,12.27,48.1,48.4,48
15-05-17,47.8,12.22,48,48,47.75
16-05-17,47.5,12.15,47.8,48.3,47.45
17-05-17,47.8,12.22,47.5,48,47.25
18-05-17,47.9,12.25,47.95,48.7,47.65
19-05-17,48.4,12.38,47.9,48.4,47.8
22-05-17,48.5,12.4,48.5,49.05,48.5
23-05-17,48.85,12.49,48.65,49.4,48.5
24-05-17,49.1,12.56,49.2,49.25,48.85
25-05-17,42.6,12.79,43,43,42.45
26-05-17,42.1,12.64,42.6,42.6,42
29-05-17,42.6,12.79,42.1,42.7,42.1
30-05-17,43,12.91,42.3,43.65,42.3
31-05-17,43,12.91,43,43.55,43
01-06-17,43.45,13.04,43.1,43.5,43.1
02-06-17,43.25,12.98,43.6,43.7,43.1
05-06-17,43.25,12.98,43.6,43.65,43.15
06-06-17,44.3,13.3,43.3,44.8,43.3
07-06-17,44.05,13.22,44.8,44.8,44.05
08-06-17,44.2,13.27,44,44.35,43.7
09-06-17,45.15,13.55,44.2,45.5,44.2
12-06-17,44.7,13.42,45,45.2,44.6
13-06-17,45.35,13.61,45,45.9,45
14-06-17,45.2,13.57,45.8,45.8,45.1
15-06-17,45.4,13.63,45.25,45.4,45.05
16-06-17,45.7,13.72,45.5,45.75,45.3
19-06-17,46.3,13.9,46,46.4,45.95
20-06-17,46.15,13.85,46.5,46.5,46
21-06-17,47.5,14.26,46.3,47.5,46.05
22-06-17,47.6,14.29,47.3,48.3,47.3
23-06-17,47.45,14.24,47.6,47.8,47.2
26-06-17,46.7,14.02,47.85,47.85,46.5
27-06-17,45.7,13.72,46.5,46.6,45.45
28-06-17,46.35,13.91,45.9,46.4,45.65
29-06-17,46.5,13.96,46.3,46.65,46.3
30-06-17,46.85,14.06,46.5,46.85,45.8
03-07-17,46.4,13.93,46.85,46.85,46.3
04-07-17,46.6,13.99,46.5,46.7,46.3
05-07-17,46.7,14.02,46.5,46.7,46.45
06-07-17,47.9,14.38,46.75,47.9,46.6
07-07-17,48.6,14.59,48.1,49.4,48
10-07-17,48.2,14.47,48.2,48.7,47.6
11-07-17,47.6,14.29,47.9,48.1,47
12-07-17,47.95,14.39,47.9,48.1,47.05
13-07-17,48.85,14.66,47.8,48.85,47.7
14-07-17,48.7,14.62,48.85,48.95,48.4
17-07-17,48,14.41,48.7,48.7,47.7
18-07-17,47.8,14.35,47.6,48,47.35
19-07-17,46.9,14.08,47.8,48.3,46.6
20-07-17,46.8,14.05,46.6,46.9,46.2
21-07-17,46.2,13.87,47,47.3,46.2
24-07-17,46.5,13.96,46.2,46.6,46
25-07-17,46.7,14.02,46.5,46.9,46.2
26-07-17,47.8,14.35,46.7,47.8,46.7
27-07-17,48.2,14.47,48,48.65,47.7
28-07-17,48.55,14.57,48.2,48.65,47.9
31-07-17,48.35,14.51,48.5,48.6,48.1
01-08-17,49,14.71,48.45,49.45,48.2
02-08-17,49.4,14.83,49.15,49.9,48.7
03-08-17,50.1,15.04,49.7,51.1,49.5
04-08-17,50.1,15.04,50.3,50.4,49.55
07-08-17,49.85,14.96,50.1,50.1,49.7
08-08-17,48.95,14.69,49.85,50,48.95
09-08-17,48.4,14.53,48.9,48.9,48.15
10-08-17,48.9,14.68,48,48.95,48
11-08-17,49.45,14.84,49,49.5,48.6
14-08-17,49.2,14.77,50,50,49.2
15-08-17,48.9,14.68,49.2,49.2,48.5
16-08-17,48.6,14.59,48.9,48.9,48.45
17-08-17,47.4,14.53,48,48.2,47.4
18-08-17,47.5,14.56,47.4,47.8,46.9
21-08-17,47.75,14.63,48,48,47.5
22-08-17,47.1,14.44,47.7,47.75,47.1
23-08-17,47.2,14.47,47,47.5,47
24-08-17,47.7,14.62,47.4,47.8,47.2
25-08-17,47.5,14.56,47.8,47.85,47.5
28-08-17,47.6,14.59,47.3,47.6,47.25
29-08-17,47.75,14.63,47.5,48.1,47.45
30-08-17,47.8,14.65,47.65,47.9,47.55
31-08-17,48.5,14.86,47.8,48.8,47.8
01-09-17,48.6,14.89,48.6,48.65,48.3
05-09-17,48.5,14.86,48.6,48.6,48.25
06-09-17,48.2,14.77,48.45,48.45,47.8
07-09-17,47.9,14.68,48,48.3,47.9
08-09-17,47.7,14.62,48,48,47.7
11-09-17,47.35,14.51,47.7,48.2,47.3
12-09-17,48.1,14.74,47.5,48.1,47.4
13-09-17,48.75,14.94,48.3,49.4,48.3
14-09-17,48.35,14.82,49,49,48.35
15-09-17,48.2,14.77,48.3,48.5,48
18-09-17,48.35,14.82,48.35,48.4,48
19-09-17,48.4,14.83,48.5,48.85,48.4
20-09-17,48.65,14.91,48.65,48.75,48.35
21-09-17,49.4,15.14,48.9,49.6,48.75
22-09-17,49.45,15.16,49.6,49.95,49.4
25-09-17,48.85,14.97,49.75,49.75,48.85
26-09-17,49,15.02,48.85,49,48.5
27-09-17,49,15.02,49,49.4,48.7
28-09-17,48.95,15,49,49.25,48.4
29-09-17,48.75,14.94,48.9,49,48.6
02-10-17,48.2,14.77,48.75,48.95,48.05
03-10-17,47.85,14.66,48.2,48.2,47.65
04-10-17,48.05,14.73,47.9,48.2,47.8
05-10-17,48.3,14.8,48.4,48.95,48
06-10-17,48.75,14.94,48.3,48.8,48.3
09-10-17,48.8,14.96,49,49,48.6
10-10-17,49.3,15.11,48.75,49.3,48.75
11-10-17,49.9,15.29,49.4,50.5,49.3
12-10-17,51,15.63,50,51.4,50
13-10-17,51.2,15.69,51.2,51.3,50.6
16-10-17,51.4,15.75,51,52,50.9
17-10-17,51.5,15.78,51.5,51.5,50.9
18-10-17,50.5,15.48,51.4,51.9,50.5
19-10-17,50.6,15.51,50.5,51.2,50.1
20-10-17,50.3,15.42,50.3,50.7,50
23-10-17,49.3,15.11,49.3,50.3,49.3
24-10-17,49.3,15.11,49.3,49.8,49.15
25-10-17,49.7,15.23,49.5,49.8,49.3
26-10-17,49.6,15.2,49.8,49.9,49
27-10-17,50.2,15.39,49.4,50.2,49.15
30-10-17,50,15.32,50.2,50.8,49.9
31-10-17,50.4,15.45,50,51.4,49.6
01-11-17,50.8,15.57,50.5,51,50.4
02-11-17,50.5,15.48,50.9,51.4,49.8
03-11-17,51,15.63,50,51,49.4
06-11-17,51.4,15.75,51.4,51.8,50.9
07-11-17,51.2,15.69,51.5,51.5,50.9
08-11-17,53,16.24,51.2,53,51
09-11-17,52.6,16.12,53.4,53.5,52.4
10-11-17,52.2,16,52.5,53.3,52.2
13-11-17,54,16.55,52.2,54.8,51.9
14-11-17,53.9,16.52,54.5,55.5,53.5
15-11-17,56.9,17.44,56.9,57,54
16-11-17,57,17.47,57.4,58.7,56.6
17-11-17,56.7,17.38,57.3,57.3,55.9
20-11-17,57.9,17.74,56.1,58,55.9
21-11-17,57.2,17.53,58.2,58.8,57.2
22-11-17,58,17.78,57,58,57
23-11-17,57.6,17.65,58,58.8,57.2
24-11-17,57.9,17.74,57.5,58,57
27-11-17,58.2,17.84,58,59.7,58
28-11-17,57.5,17.62,58,58.2,57.2
29-11-17,59.3,18.17,58,59.7,57.4
30-11-17,58.4,17.9,59.9,60,58.4
01-12-17,58.4,17.9,58.2,58.6,57.7
04-12-17,58.8,18.02,58.5,59.1,58.3
05-12-17,57.3,17.56,58.8,59.3,57.3
06-12-17,56.8,17.41,57,57.3,56
07-12-17,56.1,17.19,56.8,57.5,55.8
08-12-17,55.5,17.01,56,56.5,55.1
11-12-17,53.5,16.4,54.5,55.2,53.5
12-12-17,53.7,16.46,54.1,54.7,50.8
13-12-17,54.7,16.76,54.3,54.8,53.7
14-12-17,55.9,17.13,54.5,55.9,54.5
15-12-17,56.5,17.32,56,56.8,55.5
18-12-17,56.3,17.25,57,57.2,56.1
19-12-17,55.2,16.92,56.3,56.7,54.9
20-12-17,56.3,17.25,55.2,57,55.2
21-12-17,56.4,17.29,56.8,57.4,56.1
22-12-17,57.1,17.5,56.4,57.4,56.2
25-12-17,57.6,17.65,57.3,58.1,57.3
26-12-17,57.1,17.5,58,58,57.1
27-12-17,56.7,17.38,57.5,57.5,56.6
28-12-17,57.2,17.53,56.7,57.6,56.5
29-12-17,57.1,17.5,57.2,57.6,57
02-01-18,59.8,18.33,57.3,59.8,57.2
03-01-18,59.8,18.33,60.5,60.7,59.5
04-01-18,61,18.7,60,61,59.9
05-01-18,60,18.39,61,61.1,59.9
08-01-18,60.9,18.66,59.6,60.9,59.3
09-01-18,62.1,19.03,61,62.3,60.3
10-01-18,61.5,18.85,62,63,61.1
11-01-18,61.5,18.85,61.1,61.9,60.7
12-01-18,60.2,18.45,61.8,62,60.2
15-01-18,61,18.7,60.1,61.2,59.7
16-01-18,61,18.7,60.9,61.5,60.3
17-01-18,59,18.08,61,61.1,59
18-01-18,59,18.08,58.3,59,57.6
19-01-18,58.9,18.05,59,59.8,58.9
22-01-18,60.9,18.66,59.5,61.5,59.4
25-01-18,61.1,18.73,61.5,62.6,60.9
26-01-18,60.8,18.63,62,62,60.5
29-01-18,60.3,18.48,60.9,61.9,59.9
30-01-18,64,19.61,59.8,64,59.5
31-01-18,62.9,19.28,64.8,65.5,62.9
01-02-18,61.6,18.88,62.9,63.5,61.6
02-02-18,61,18.7,61.6,61.8,60.5
05-02-18,57.1,17.5,60.1,60.8,57.1
06-02-18,54.2,16.61,54.2,56.5,53.2
07-02-18,56.6,17.35,57,57.3,56
08-02-18,55.2,16.92,56,57,55
09-02-18,55,16.86,52.5,55,52.5
12-02-18,57.1,17.5,56.3,57.1,54.5
13-02-18,59,18.08,58.2,59.3,57.8
21-02-18,59.4,18.2,60.1,60.3,59
22-02-18,58.4,17.9,59.3,59.5,58.2
23-02-18,60.5,18.54,58.5,60.6,58.5
26-02-18,60.4,18.51,61,61.8,60.4
27-02-18,59.8,18.33,60.7,60.8,59.5
28-02-18,59.8,18.33,59.2,60.4,59.1
01-03-18,60.8,18.63,59.4,61.2,59.1
02-03-18,61.1,18.73,60.5,61.3,60
05-03-18,61.5,18.85,61.3,64.5,61.3
06-03-18,63.3,19.4,62.5,63.3,61.7
07-03-18,62.2,19.06,63.5,63.7,61.5
08-03-18,62.2,19.06,62,62.5,61.3
09-03-18,61.6,18.88,62.7,63.1,61.5
12-03-18,61.4,18.82,61.4,62.6,61.4
13-03-18,60.1,18.42,61.2,61.2,59.4
14-03-18,60.8,18.63,60.1,60.8,59.4
15-03-18,60.6,18.57,61,61.1,60.3
16-03-18,60.1,18.42,60.1,60.8,59.7
19-03-18,60.5,18.54,60.2,60.6,59.9
20-03-18,61.3,18.79,60.2,62.3,60
21-03-18,61,18.7,61.3,61.8,61
22-03-18,60.1,18.42,61,61.4,60.1
23-03-18,58.6,17.96,59,59.6,58
26-03-18,59.2,18.14,58.6,59.4,58.6
27-03-18,59.5,18.24,59.9,60.1,59
28-03-18,58.9,18.05,59.1,59.4,58.8
29-03-18,59.5,18.24,59.4,59.7,59
30-03-18,60.7,18.6,59.6,61.3,59.4
02-04-18,61.5,18.85,61.5,61.7,61
03-04-18,61.2,18.76,61.2,61.4,60.9
04-04-18,61.7,18.91,62,62.8,61.6
05-04-18,63,19.31,62,63.7,61.5
06-04-18,62.7,19.22,64.2,64.3,62.7
09-04-18,63.4,19.43,62.6,63.6,62.6
10-04-18,64.4,19.74,63.6,65.2,63.5
11-04-18,63,19.31,64.8,65.4,63
12-04-18,63.6,19.49,63,63.6,62.1
13-04-18,62,19,63.9,63.9,62
16-04-18,61.1,18.73,62,62.4,60.9
17-04-18,62,19,61.5,62,60.9
18-04-18,62,19,62.3,62.9,61.9
19-04-18,60.7,18.6,62,62.1,60.7
20-04-18,61.3,18.79,61,61.5,60.3
23-04-18,58,17.78,61.3,61.7,57.2
24-04-18,56.4,17.29,57.4,58.5,56.1
26-04-18,55,16.86,56.9,57.7,55
27-04-18,57,17.47,55,57.4,54.9
02-05-18,57,17.47,57,58,56.8
03-05-18,58,17.78,56.8,58,55.7
04-05-18,58.8,18.02,58.5,59,58.2
07-05-18,59.6,18.27,58.8,59.6,58.6
08-05-18,59,18.08,59.2,59.6,58.8
09-05-18,58.4,17.9,58.6,59.1,58.1
10-05-18,58.3,17.87,58.4,59.4,58
11-05-18,59.5,18.24,58,59.5,58
14-05-18,61.6,18.88,60.1,61.7,59.6
15-05-18,61.4,18.82,62,62,61
16-05-18,60.5,18.54,61,61.4,60.5
17-05-18,60.6,18.57,60.4,61.4,60.4
18-05-18,60.8,18.63,60.6,61,58.8
21-05-18,61,18.7,61.2,62.4,61
22-05-18,59.7,18.3,61,61.5,59.5
23-05-18,60.6,18.57,60,61,59.5
24-05-18,59.5,18.24,60.9,61.2,59.5
25-05-18,48.9,17.68,51,51,48.9
28-05-18,45.5,16.45,47.2,48.2,45.5
29-05-18,47.4,17.14,45.5,48.2,44.85
30-05-18,45.45,16.43,47.3,47.3,45.4
31-05-18,46,16.63,45.05,46.7,45
01-06-18,46.45,16.8,46,46.7,45.7
04-06-18,47.25,17.08,46.5,47.45,46.35
05-06-18,47.8,17.28,47.5,48.1,47.2
06-06-18,48.5,17.54,48,48.5,47.3
07-06-18,47.8,17.28,48.9,48.9,47.7
08-06-18,47.95,17.34,47.9,48.2,47.5
11-06-18,47.5,17.18,47.75,47.95,47.5
12-06-18,46.3,16.74,47.5,47.5,45.7
13-06-18,46.8,16.92,46,46.9,46
14-06-18,46.6,16.85,47,47.25,46.6
15-06-18,46.5,16.81,46.3,46.7,46.25
18-06-18,45.4,16.42,46.9,46.9,45.4
19-06-18,44.5,16.09,45.1,45.1,42.7
20-06-18,45.4,16.42,44.9,45.4,44
21-06-18,44.4,16.05,45.4,45.4,44.1
22-06-18,45,16.27,44.3,45,43.9
25-06-18,45.1,16.31,45.4,45.4,44.9
26-06-18,44.5,16.09,44.5,44.8,44.3
27-06-18,44.3,16.02,44.9,44.9,44.25
28-06-18,42.5,15.37,44.3,44.3,42.5
29-06-18,41.5,15.01,42.5,43,41.5
02-07-18,40.2,14.54,41.5,41.9,40
03-07-18,39,14.1,40.2,40.65,39
04-07-18,40,14.46,39.05,40,38.5
05-07-18,39.5,14.28,40,40.1,38.5
06-07-18,40.8,14.75,39,41.7,38.9
09-07-18,40.15,14.52,41,41.35,39.8
10-07-18,40.4,14.61,40.3,40.7,40
11-07-18,39.2,14.17,39.5,40,38.6
12-07-18,38.8,14.03,38.8,39.65,38.5
13-07-18,40.6,14.68,39.5,40.8,39.3
16-07-18,40.9,14.79,41.1,41.5,40.65
17-07-18,41.9,15.15,40.7,41.9,40.55
18-07-18,42.9,15.51,42,42.9,41.9
19-07-18,42.5,15.37,42.2,42.9,42.2
20-07-18,41.6,15.04,42.3,42.3,41.25
23-07-18,42,15.19,42,42.7,41.85
24-07-18,42.2,15.26,42,42.45,41.4
25-07-18,42.4,15.33,42.3,43.8,42.2
26-07-18,42.55,15.39,42.7,43,42.1
27-07-18,43.3,15.66,42.9,43.9,42.55
30-07-18,43.3,15.66,43.4,43.5,43.2
31-07-18,42.8,15.48,43.3,43.5,42.8
01-08-18,42,15.19,42.7,43.05,41.9
02-08-18,42.7,15.44,42,42.7,41.6
03-08-18,42.6,15.4,43,43.1,42.4
06-08-18,42.25,15.28,42.4,42.7,42.25
07-08-18,41.95,15.17,42.3,42.3,41.75
08-08-18,42.5,15.37,41.95,42.6,41.9
09-08-18,42.8,15.48,43,43.2,42.55
10-08-18,43.1,15.58,42.8,43.45,42.7
13-08-18,43.45,15.71,43.1,43.7,43.1
14-08-18,44.3,16.02,43.75,44.35,43.6
15-08-18,43.8,15.84,44.3,44.7,43.7
16-08-18,43,15.91,42.9,43,42.45
17-08-18,43.5,16.1,43.2,43.5,43
20-08-18,43.7,16.17,43.5,44.3,43.15
21-08-18,43.7,16.17,43.6,43.8,43.4
22-08-18,44.05,16.3,43.75,44.3,43.7
23-08-18,44.4,16.43,44.1,44.5,44.1
24-08-18,44.45,16.45,44.4,44.5,43.9
27-08-18,44.4,16.43,44.3,44.5,44.2
28-08-18,44.2,16.35,44.3,44.45,44.05
29-08-18,44.2,16.35,44.15,44.4,43.95
30-08-18,44.15,16.34,44.2,44.2,43.95
31-08-18,44.2,16.35,44.15,44.9,44.1
04-09-18,44.1,16.32,44.1,44.7,44
05-09-18,43.3,16.02,44.05,44.2,43
06-09-18,42.35,15.67,43.1,43.3,42.35
07-09-18,43,15.91,42.5,43,42.35
10-09-18,42.55,15.74,43.2,43.2,42.55
11-09-18,43.15,15.97,42.55,43.2,42.55
12-09-18,43.05,15.93,43.5,43.7,43.05
13-09-18,43.4,16.06,43.7,43.9,43.2
14-09-18,44.55,16.48,43.6,44.7,43.6
17-09-18,44.1,16.32,44.5,44.5,44.1
18-09-18,44.8,16.58,43.7,44.8,43.7
19-09-18,45.45,16.82,45,45.65,44.8
20-09-18,45.9,16.98,45.05,46.2,45.05
21-09-18,45.9,16.98,46.05,46.05,45.2
24-09-18,46.1,17.06,45.9,46.5,45.8
25-09-18,45.9,16.98,45.9,46.1,45.8
26-09-18,46.05,17.04,46,46.8,45.85
27-09-18,46.2,17.09,46.05,46.5,46.05
28-09-18,46.3,17.13,46.5,46.5,46.25
01-10-18,46,17.02,46.3,46.45,45.95
02-10-18,45.3,16.76,45.85,46,45.25
03-10-18,45.5,16.84,45.3,45.7,45.25
04-10-18,45.85,16.97,45.5,46,45.4
05-10-18,45.6,16.87,45.95,46,45.55
08-10-18,45,16.65,45.5,45.5,45
09-10-18,44.7,16.54,45,45.15,44.7
10-10-18,45.3,16.76,44.7,45.4,44.7
11-10-18,42.7,15.8,42.7,44.4,42.3
12-10-18,43.8,16.21,42.5,44,41.7
15-10-18,43,15.91,43.8,44,43
16-10-18,43.25,16,43.5,43.5,42.7
17-10-18,43.6,16.13,43.8,44,43.5
18-10-18,43.6,16.13,43.7,44,43.4
19-10-18,43,15.91,43,43.5,42.9
22-10-18,43.15,15.97,43.4,43.7,43.1
23-10-18,42.2,15.61,43.15,43.15,41.6
24-10-18,41.8,15.47,42.05,42.55,41.8
25-10-18,41.05,15.19,40,41.3,40
26-10-18,40.8,15.1,41.5,41.75,40.8
29-10-18,41,15.17,40.5,41.45,40.5
30-10-18,41,15.17,41.1,41.8,40.85
31-10-18,41.95,15.52,41.75,42,41.3
01-11-18,41.9,15.5,42.05,42.4,41.9
02-11-18,42.9,15.87,42.35,43,42.05
05-11-18,42.55,15.74,42.6,43,42.2
06-11-18,42.15,15.6,42.7,42.75,42.1
07-11-18,41.85,15.49,42.15,42.5,41.65
08-11-18,42.15,15.6,42.25,42.4,41.95
09-11-18,41.25,15.26,41.8,42.1,41.2
12-11-18,41.95,15.52,41.2,41.95,41.15
13-11-18,41.65,15.41,41.2,41.75,41.2
14-11-18,42.25,15.63,41.9,42.25,41.6
15-11-18,42.2,15.61,42,42.4,41.7
16-11-18,42.75,15.82,42.5,42.9,42.25
19-11-18,43.15,15.97,43,43.2,42.8
20-11-18,43.4,16.06,43.2,43.4,42.85
21-11-18,43.4,16.06,42.8,43.4,42.7
22-11-18,43.4,16.06,43.4,43.6,43.25
23-11-18,43.05,15.93,43.1,43.45,43
26-11-18,42.45,15.71,43.05,43.05,42.45
27-11-18,42.75,15.82,42.9,42.9,42.5
28-11-18,42.8,15.84,42.75,42.85,42.55
29-11-18,42.9,15.87,43.3,43.5,42.9
30-11-18,42.9,15.87,42.9,42.95,42.65
03-12-18,44.9,16.61,43.2,44.9,43.2
04-12-18,44.95,16.63,44.9,45.5,44.75
05-12-18,44.6,16.5,44.45,44.95,44.4
06-12-18,44.4,16.43,44.5,44.8,44.05
07-12-18,45.1,16.69,44.6,45.35,44.6
10-12-18,44.2,16.35,44.8,45,44.2
11-12-18,44.05,16.3,44.3,44.5,43.9
12-12-18,44.45,16.45,44.05,44.55,44.05
13-12-18,44.6,16.5,44.95,45.25,44.5
14-12-18,44.15,16.34,44.6,44.8,44.1
17-12-18,43,15.91,44.1,44.1,43
18-12-18,42,15.54,42.35,42.8,41.85
19-12-18,42.1,15.58,42,42.6,41.85
20-12-18,42.05,15.56,42.3,42.4,42.05
21-12-18,42.5,15.73,41.9,42.5,41.9
24-12-18,42,15.54,42.6,42.8,42
25-12-18,41.5,15.36,41.4,41.5,41
26-12-18,41.4,15.32,41.5,41.85,41.4
27-12-18,41.8,15.47,42.1,42.25,41.8
28-12-18,42.2,15.61,42.05,42.2,41.8
02-01-19,41.2,15.24,41.2,42.15,41.15
03-01-19,40.8,15.1,41.45,41.45,40.7
04-01-19,41.1,15.21,40.6,41.45,40.5
07-01-19,41.8,15.47,41.8,42.1,41.6
08-01-19,42,15.54,41.8,42,41.7
09-01-19,42.4,15.69,42.1,42.6,41.9
10-01-19,42.15,15.6,42.4,42.55,42.15
11-01-19,42.2,15.61,42.4,42.55,42.05
14-01-19,42.5,15.73,42.3,42.6,42
15-01-19,42.8,15.84,42.3,42.8,42.3
16-01-19,42.55,15.74,42.55,43,42.55
17-01-19,42,15.54,42.5,42.75,42
18-01-19,42,15.54,42.1,42.5,42
21-01-19,42.5,15.73,42.2,42.8,42.2
22-01-19,42.35,15.67,42.5,42.75,42.35
23-01-19,42.35,15.67,42.3,42.4,42.15
24-01-19,42.45,15.71,42.4,42.6,42.35
25-01-19,42.4,15.69,42.4,42.6,42.3
28-01-19,42.1,15.58,42.5,42.5,42.1
29-01-19,42.5,15.73,42.4,42.5,42
30-01-19,43.2,15.98,42.5,43.4,42.4
31-01-19,43.2,15.98,43.3,43.4,42.9
01-02-19,42.6,15.76,43.2,43.2,41.5
11-02-19,44.15,16.34,43,44.3,42.7
12-02-19,43.9,16.24,44,44.6,43.9
13-02-19,44.55,16.48,44,45,44
14-02-19,44.25,16.37,44.65,44.9,44.25
15-02-19,44.2,16.35,44.25,44.45,44
18-02-19,44.4,16.43,44.5,44.6,44.1
19-02-19,44.4,16.43,44.7,45.15,44.3
20-02-19,44.85,16.6,44.3,45.05,44.3
21-02-19,44.8,16.58,44.7,44.9,44.3
22-02-19,45.2,16.72,44.8,45.4,44.4
25-02-19,45.5,16.84,45.55,46.2,45.45
26-02-19,45.2,16.72,45.6,45.6,45
27-02-19,45.1,16.69,45.2,45.45,44.9
28-02-19,44.2,16.35,45.1,45.1,44.2
01-03-19,44.6,16.5,44.55,44.6,44.15
04-03-19,45,16.65,44.6,45.2,44.6
05-03-19,44.9,16.61,45,45.2,44.8
06-03-19,44.6,16.5,44.95,45.1,44.45
07-03-19,44.75,16.56,44.6,45,44.6
08-03-19,44.65,16.52,44.7,44.8,44.45
11-03-19,44.5,16.47,44.65,44.85,44.45
12-03-19,46.5,17.21,44.75,46.5,44.75
13-03-19,46.2,17.09,46.5,46.7,46.2
14-03-19,46.25,17.11,46.2,46.5,46
15-03-19,46,17.02,46.25,46.3,45.75
18-03-19,46.2,17.09,46.3,46.45,45.95
19-03-19,45.7,16.91,46.2,46.3,45.7
20-03-19,45.45,16.82,45.6,45.9,45.25
21-03-19,45.1,16.69,45.8,45.8,45.1
22-03-19,45.05,16.67,45.1,45.4,45.05
25-03-19,44.4,16.43,44.2,45,44.2
26-03-19,44.75,16.56,45,45,44.5
27-03-19,45,16.65,44.8,45.1,44.8
28-03-19,45.15,16.71,44.75,45.35,44.75
29-03-19,45.5,16.84,45.6,45.6,45.3
01-04-19,45.8,16.95,45.9,45.9,45.5
02-04-19,46,17.02,45.8,46.7,45.8
03-04-19,47.2,17.46,46.4,47.2,46
04-04-19,47.8,17.69,47.5,48.2,47.25
05-04-19,47.8,17.69,47.8,47.9,47.45
08-04-19,47.8,17.69,47.65,48,47.45
09-04-19,47.3,17.5,47.8,48.5,47.3
10-04-19,46.9,17.35,47,47.3,46.75
11-04-19,47,17.39,46.9,47.5,46.85
12-04-19,48.2,17.83,46.85,48.4,46.85
16-04-19,47.9,17.72,47.5,48.2,47.5
17-04-19,48.5,17.95,48.3,49.5,48.2
18-04-19,48.5,17.95,48.5,49.25,48.05
19-04-19,48.45,17.93,48.7,48.9,48.4
22-04-19,47.9,17.72,48.5,48.5,47.8
23-04-19,47.9,17.72,47.9,48.45,47.5
24-04-19,48.55,17.96,48.5,48.65,48.1
25-04-19,48.8,18.06,48.5,49.15,48.45
26-04-19,49.55,18.33,48.9,49.75,48.8
02-05-19,49.85,18.45,49.8,50.2,49.65
03-05-19,50,18.5,49.9,50,49.6
06-05-19,48.75,18.04,49,49.4,48.45
07-05-19,49.7,18.39,49.1,49.7,49.05
08-05-19,49.65,18.37,49.3,49.7,49
09-05-19,48.6,17.98,49.6,49.65,48.6
10-05-19,49,18.13,49,49.25,48.75
13-05-19,49.5,18.32,49,49.8,49
14-05-19,50.2,18.57,49.4,50.8,49.1
15-05-19,50.4,18.65,50.5,50.6,50.1
16-05-19,49.65,18.37,50.4,50.7,49.65
17-05-19,44.45,18.46,45,45,44.3
20-05-19,45.25,18.8,44.5,45.3,44.5
21-05-19,45.9,19.07,45.5,46.05,45.35
22-05-19,45.25,18.8,45.25,46.15,45.25
23-05-19,45.7,18.98,45.25,45.8,45.2
24-05-19,45.6,18.94,45.5,45.95,45.25
27-05-19,45.25,18.8,45.3,45.45,44.65
28-05-19,44.85,18.63,45,45.4,44.75
29-05-19,44.1,18.32,44.85,44.85,44
30-05-19,44.55,18.5,44.1,44.7,43.9
31-05-19,44.1,18.32,44.6,44.8,44.1
03-06-19,43.5,18.07,44,44.1,43.5
04-06-19,43.3,17.99,43.5,43.7,43.25
05-06-19,43.6,18.11,43.5,43.9,43.5
06-06-19,44.5,18.48,43.8,44.7,43.6
07-06-19,45.2,18.77,44.8,45.25,44.7
10-06-19,45.1,18.73,45.5,45.7,44.8
11-06-19,45.2,18.77,45.1,45.6,44.9
12-06-19,45.05,18.71,45.2,45.6,45
13-06-19,44.55,18.5,45.05,45.1,44.5
14-06-19,44.4,18.44,44.6,44.9,44.4
17-06-19,44.05,18.3,44.1,44.5,43.9
18-06-19,44.05,18.3,44.35,44.45,43.75
19-06-19,44.65,18.55,44.65,44.7,44.2
20-06-19,45.4,18.86,44.85,45.4,44.65
21-06-19,45.4,18.86,45.5,45.6,45.25
24-06-19,45.15,18.75,45.4,45.45,45.15
25-06-19,46.5,19.32,45,46.55,44.8
26-06-19,46.15,19.17,46.5,46.5,46.1
27-06-19,45.4,18.86,45.4,46.1,45.3
28-06-19,45.5,18.9,45.5,46,44.9
01-07-19,47.1,19.56,47.1,47.1,45.9
02-07-19,46.9,19.48,46.9,47.5,46.65
03-07-19,46.8,19.44,46.7,46.9,46.55
04-07-19,46.95,19.5,47,47.2,46.8
05-07-19,46.6,19.36,46.8,47,46.4
08-07-19,46.3,19.23,46.5,46.9,46.05
09-07-19,46.75,19.42,46.3,46.85,46.1
10-07-19,47.05,19.54,46.95,47.45,46.8
11-07-19,47,19.52,47.15,47.25,46.8
12-07-19,47,19.52,47.1,47.45,46.8
15-07-19,47.3,19.65,47.1,47.55,46.85
16-07-19,47.3,19.65,47.35,47.8,47.25
17-07-19,47.05,19.54,47.3,47.5,47
18-07-19,46.8,19.44,47,47.1,46.8
19-07-19,48.2,20.02,46.95,48.3,46.9
22-07-19,48.35,20.08,48.2,48.65,47.95
23-07-19,48.8,20.27,48.5,48.8,48.1
24-07-19,48.6,20.19,49.35,49.4,48.6
25-07-19,48.65,20.21,48.6,48.95,48.5
26-07-19,48.8,20.27,48.5,48.8,48.35
29-07-19,48.6,20.19,48.8,48.8,48.2
30-07-19,47.8,19.86,48.6,48.6,47.7
31-07-19,48.4,20.1,47.8,48.4,47.5
01-08-19,48.35,20.08,48.4,48.6,48.2
02-08-19,48.8,20.27,48.05,49,47.85
05-08-19,49,20.35,49,49.8,48.8
06-08-19,48.95,20.33,48.2,49.3,48.2
07-08-19,49.75,20.66,48.2,49.75,48.95
08-08-19,50.3,20.89,49.85,50.6,49.85
09-08-19,51.1,21.23,50.3,51.4,50
12-08-19,52.3,21.72,51.1,52.6,50.7
13-08-19,52.5,21.81,52.1,53.2,51.7
14-08-19,53.2,22.1,53,53.7,52.8
15-08-19,53,22.44,51.9,53,51.4
16-08-19,52,22.01,53,55.1,52
19-08-19,52.4,22.18,52,52.7,51.2
20-08-19,54,22.86,52.4,54,52.4
21-08-19,53.6,22.69,54.1,54.5,53.4
22-08-19,53,22.44,53.6,54.3,52.9
23-08-19,54.4,23.03,53.1,54.4,52.6
26-08-19,53.7,22.73,53.5,54.2,53.5
27-08-19,52.8,22.35,54,54.3,52.8
28-08-19,52.1,22.06,53,53.2,52.1
29-08-19,52.7,22.31,52.2,52.8,51.9
30-08-19,53.1,22.48,53,53.4,52.9
03-09-19,53.7,22.73,53,54,53
04-09-19,53.2,22.52,53,54.2,53
05-09-19,52.6,22.27,53.4,53.5,52.6
06-09-19,52.9,22.39,52.9,53.2,52.3
09-09-19,53.8,22.78,53,54.4,52.5
10-09-19,54,22.86,54.2,54.4,53.6
11-09-19,54.1,22.9,54,54.2,53.4
12-09-19,56.5,23.92,54.4,56.5,54.4
13-09-19,56.8,24.05,56.5,57.4,56.3
16-09-19,57.7,24.43,56.5,58,56.7
17-09-19,57.6,24.38,57.3,58.1,57.1
18-09-19,56.4,23.88,57.9,57.9,56.3
19-09-19,57.8,24.47,56.6,57.8,56.2
20-09-19,58.2,24.64,57.7,58.8,57.6
23-09-19,56.5,23.92,58,58.3,56.5
24-09-19,56.2,23.79,56.4,57,55.8
25-09-19,57.4,24.3,56.3,57.4,56.1
26-09-19,57.7,24.43,57.7,58,57.2
27-09-19,58.5,24.77,57.6,58.8,57.4
30-09-19,57.7,24.43,59.3,59.5,57.7
01-10-19,58.5,24.77,57.7,58.5,57.6
02-10-19,57.2,24.21,58.5,58.6,57.2
03-10-19,57.2,24.21,56.6,57.4,56.4
04-10-19,56.8,24.05,57.5,57.5,56.7
07-10-19,55.5,23.5,56.8,57.2,55.5
08-10-19,56.1,23.75,55.5,56.2,55.2
09-10-19,56.4,23.88,56.3,57,55.8
10-10-19,56.4,23.88,56.6,57,56.4
11-10-19,56.5,23.92,56.7,56.9,56.4
14-10-19,57.7,24.43,57,58.2,56.8
15-10-19,57.4,24.3,57.8,57.8,57.4
16-10-19,57.5,24.34,57.8,58,57.4
17-10-19,56.7,24,57.4,57.5,56.6
18-10-19,57.1,24.17,56.8,57.6,56.6
21-10-19,56.5,23.92,57.4,57.4,56.3
22-10-19,56.3,23.83,56.5,56.6,55.7
23-10-19,56.4,23.88,56,57,56
24-10-19,58.2,24.64,56.8,58.2,56.4
25-10-19,58,24.55,58.3,58.5,57.7
28-10-19,58.1,24.6,58,58.8,57.8
29-10-19,57.9,24.51,58.2,58.3,57.8
30-10-19,57.8,24.47,57.9,58.1,57.6
31-10-19,57.9,24.51,58,58.7,57.8
01-11-19,58.5,24.77,58,58.7,57.6
04-11-19,59.9,25.36,58.7,60.5,58.7
05-11-19,59.8,25.32,60.1,60.1,59.4
06-11-19,59.5,25.19,59.8,60.4,59.5
07-11-19,59.5,25.19,59.5,59.9,59.2
08-11-19,59.6,25.23,59.8,59.8,59.2
11-11-19,60,25.4,59.7,60.6,59.5
12-11-19,61,25.82,60,61.3,60
13-11-19,60.5,25.61,61.2,61.3,60.5
14-11-19,58.3,24.68,60.5,61,57.5
15-11-19,58.6,24.81,58.3,58.8,57.7
18-11-19,57.5,24.34,58.4,58.8,57.1
19-11-19,58.3,24.68,57.5,58.3,57.5
20-11-19,56.8,24.05,58.2,58.2,56.6
21-11-19,56,23.71,56.8,57.1,55.9
22-11-19,56,23.71,56.3,57.1,55.5
25-11-19,56.6,23.96,56.1,57,55.8
26-11-19,57.1,24.17,57,57.2,56.8
27-11-19,57,24.13,57.2,57.4,56.9
28-11-19,56,23.71,56.9,56.9,55.8
29-11-19,56.4,23.88,56,56.8,55.8
02-12-19,54.6,23.11,56.5,56.5,54.6
03-12-19,54.5,23.07,54.2,55.2,53.3
04-12-19,55.4,23.45,54.5,55.5,54
05-12-19,54.9,23.24,55.5,55.8,54.8
06-12-19,55,23.28,55,55.4,54.7
09-12-19,55.3,23.41,55.2,55.8,55
10-12-19,55.5,23.5,55.3,55.8,54.8
11-12-19,56.5,23.92,55.5,56.6,55.2
12-12-19,57,24.13,56.8,57.2,56.7
13-12-19,57.1,24.17,57.2,57.5,56.9
16-12-19,56.5,23.92,57.1,57.1,56.4
17-12-19,55.4,23.45,56.2,56.4,55.1
18-12-19,55.5,23.5,55.4,56,55
19-12-19,55.8,23.62,55.5,56.2,55.4
20-12-19,56.5,23.92,56,56.7,55.8
23-12-19,56.1,23.75,56.9,57,56
24-12-19,56.4,23.88,56.4,56.5,56.1
25-12-19,57.5,24.34,56.4,57.9,56.4
26-12-19,57.4,24.3,57.8,58.1,57.4
27-12-19,57.6,24.38,57.4,57.8,56.8
30-12-19,58.6,24.81,57.8,58.9,57.6
31-12-19,58.3,24.68,58.6,58.7,58
02-01-20,58.6,24.81,58.3,59,58
03-01-20,57.6,24.38,58.9,59.1,57.4
06-01-20,57,24.13,57.1,57.6,56.8
07-01-20,58.1,24.6,57.3,58.1,57
08-01-20,56.8,24.05,57.5,57.7,56.8
09-01-20,57.6,24.38,57.3,57.7,57.1
10-01-20,57.5,24.34,57.5,57.8,57.1
13-01-20,57.1,24.17,57.4,57.6,57
14-01-20,57,24.13,57.1,57.4,57
15-01-20,57,24.13,57,57.1,56.8
16-01-20,58,24.55,57,58.2,57
17-01-20,57.6,24.38,58,58.1,57
20-01-20,57.4,24.3,57.5,58,57.2
21-01-20,55.5,23.5,57.8,58,55.5
22-01-20,56.5,23.92,55,56.5,54.7
30-01-20,54.7,23.16,55.3,55.8,53.9
31-01-20,52,22.01,54,54.9,52
03-02-20,51.5,21.8,51.5,52.5,49
04-02-20,51.8,21.93,52.4,52.4,51
05-02-20,52,22.01,52.3,52.8,52
06-02-20,53.6,22.69,52.5,53.6,51.8
07-02-20,53.3,22.56,53,53.5,52.8
10-02-20,52.6,22.27,52.4,53,52.1
11-02-20,53.6,22.69,52.9,53.7,52.7
12-02-20,54.1,22.9,53.8,54.7,53.7
13-02-20,54.3,22.99,54.1,54.5,53.7
14-02-20,54.5,23.07,54.1,54.5,54
17-02-20,54.2,22.94,54.6,54.6,54
18-02-20,56,23.71,54.4,56,54.3
19-02-20,55.7,23.58,55.9,56.2,55.5
20-02-20,55.8,23.62,56.1,56.4,55.5
21-02-20,54.7,23.16,55.9,55.9,54.7
24-02-20,52.5,22.23,53.1,53.9,52.5
25-02-20,54,22.86,52.1,54,52
26-02-20,55,23.28,53.4,55.2,53
27-02-20,56,23.71,55,56.5,54.6
28-02-20,55.1,23.33,55,55.7,54.6
02-03-20,55.7,23.58,55.1,56.2,54.8
03-03-20,55.9,23.66,56.2,57,55.7
04-03-20,55.5,23.5,55.5,55.5,54.9
05-03-20,54.6,23.11,55.5,55.9,54.6
06-03-20,54,22.86,54.2,54.3,53.5
09-03-20,50.3,21.29,51.2,52,50.3
10-03-20,51.7,21.89,51,52,50.3
11-03-20,50.8,21.51,52,52.5,49.5
12-03-20,48.1,20.36,48.6,49.3,47.3
13-03-20,48.15,20.38,45.3,50,45.2
16-03-20,47.6,20.15,48.15,49.7,47.5
17-03-20,48.5,20.53,48.5,48.5,46.5
18-03-20,48.4,20.49,49,49.1,48.35
19-03-20,47.7,20.19,47.6,48.1,47.6
20-03-20,47.7,20.19,48.2,48.25,47.35
23-03-20,44.4,18.8,46.1,46.9,44.4
24-03-20,44.5,18.84,45,45,43.5
25-03-20,46,19.47,46,46.4,45.15
26-03-20,44.2,18.71,45.5,45.85,44.2
27-03-20,43.1,18.25,44.4,44.4,42.9
30-03-20,40.4,17.1,40.5,41.1,40.1
31-03-20,41.1,17.4,41.5,42.4,40.1
01-04-20,42.3,17.91,40.8,43.2,40.8
03-04-20,44.6,18.88,43,44.65,42.7
06-04-20,47.5,20.11,46,47.5,45.5
07-04-20,47.3,20.02,47.5,47.7,46.5
08-04-20,46.85,19.83,46.1,47.05,45.75
09-04-20,46.85,19.83,47,47.6,46.5
10-04-20,46.4,19.64,46.6,47,45.9
13-04-20,46.5,19.69,46.4,47,46.1
14-04-20,49.5,20.96,47.6,49.5,47
15-04-20,50.1,21.21,50.5,50.8,49.85
16-04-20,50.3,21.29,49.7,50.8,49.3
17-04-20,51.2,21.67,51.2,51.3,50.2
20-04-20,51.3,21.72,51.9,52,50.7
21-04-20,49.3,20.87,50.5,50.9,48.9
22-04-20,51.1,21.63,48.8,51.2,48.7
23-04-20,51,21.59,52.1,52.2,51
24-04-20,51,21.59,50.9,51.2,50.1
27-04-20,50.7,21.46,51.5,51.5,50.5
28-04-20,50.7,21.46,50.7,50.8,50.2
29-04-20,50.8,21.51,50.8,51.4,50.5
04-05-20,50.5,21.38,50.2,50.9,49.8
05-05-20,50.9,21.55,50.8,51,50.4
06-05-20,52.9,22.39,51,53.1,51
07-05-20,53.5,22.65,53,53.5,52.4
08-05-20,53.7,22.73,53.6,55.1,53.6
11-05-20,54,22.86,54,54.4,53.3
12-05-20,54.4,23.03,54,54.4,53.6
13-05-20,49.35,24.47,47.5,49.55,47.4
14-05-20,48.7,24.15,48.95,49.1,48.5
15-05-20,48,23.81,48.3,48.9,47.75
18-05-20,48.35,23.98,47.5,48.35,47.4
19-05-20,49.25,24.43,49.2,49.7,48.6
20-05-20,48.9,24.25,49,49,48.55
21-05-20,49.3,24.45,48.9,49.3,48.85
22-05-20,48.45,24.03,49,49,48.45
25-05-20,48.45,24.03,48.5,48.6,47.8
26-05-20,48.8,24.2,48.5,48.8,48.35
27-05-20,48,23.81,48.9,49.4,48
28-05-20,48,23.81,48.2,48.6,48
29-05-20,47.95,23.78,48,48.1,47.5
01-06-20,48.3,23.95,48,48.35,48
02-06-20,48,23.81,48.3,48.5,48
03-06-20,48.65,24.13,48,48.95,47.9
04-06-20,48.4,24,48.9,48.9,48.4
05-06-20,48.7,24.15,48.4,48.7,48.15
08-06-20,49.35,24.47,49,50,49
09-06-20,48.95,24.28,49.6,49.65,48.9
10-06-20,48.8,24.2,49,49,48.4
11-06-20,46,22.81,48.8,48.8,46
12-06-20,47,23.31,45,47,45
15-06-20,46,22.81,48,48,45.9
16-06-20,46.6,23.11,46.6,46.8,46.3
17-06-20,46.35,22.99,46.7,46.75,46.25
18-06-20,46.6,23.11,46.3,46.7,46.15
19-06-20,47,23.31,46.6,47,46.6
22-06-20,47,23.31,47,47,46.85
23-06-20,47.55,23.58,46.95,48.4,46.75
24-06-20,47.2,23.41,47.9,47.95,47.05
25-06-20,46.8,23.21,46.65,47.1,46.6
26-06-20,46.85,23.23,46.8,47.15,46.7
29-06-20,46.05,22.84,46.6,46.6,45.85
30-06-20,45.65,22.64,46.15,46.4,45.4
01-07-20,46.2,22.91,46,46.3,45.8
02-07-20,46.15,22.89,46.3,46.3,45.95
03-07-20,46.25,22.94,46.5,46.5,46.1
06-07-20,46.8,23.21,46.5,46.95,46.3
07-07-20,47.45,23.53,47,47.9,47
08-07-20,47.7,23.66,47.3,47.9,47.3
09-07-20,48.35,23.98,47.9,48.4,47.8
10-07-20,47.8,23.71,48.1,48.25,47.5
13-07-20,48.65,24.13,48,48.95,47.75
14-07-20,48.55,24.08,48.3,48.85,48.3
15-07-20,48.6,24.1,48.7,48.95,48.4
16-07-20,48.6,24.1,48.55,48.75,48.4
17-07-20,48.1,23.85,48.5,48.5,48.1
20-07-20,47.4,23.51,47.4,48.2,47.35
21-07-20,47.8,23.71,47.5,47.95,47.25
22-07-20,47.4,23.51,48,48,47.3
23-07-20,47.75,23.68,47.4,47.75,47.1
24-07-20,45.9,22.76,47.4,47.55,45.4
27-07-20,43.7,21.67,45,45.9,43.6
28-07-20,45.7,22.66,44.4,45.8,44.15
29-07-20,44.55,22.09,44.4,44.9,43.8
30-07-20,45.15,22.39,44.6,45.15,44.6
31-07-20,44.5,22.07,44,45.2,44
03-08-20,45.9,22.76,44.5,45.9,44.5
04-08-20,46.55,23.09,46.5,46.8,46.2
05-08-20,47,23.31,46.5,47.15,46.25
06-08-20,46.8,23.21,47,47.25,46.7
07-08-20,47.1,23.36,46.8,47.8,46.8
10-08-20,47.2,23.41,47.35,47.8,47.1
11-08-20,47,23.31,47.45,47.45,47
12-08-20,47.5,23.56,47.1,47.5,46.9
13-08-20,47.95,23.78,47.7,47.95,47.5
14-08-20,47.8,23.71,48.1,48.2,47.45
17-08-20,47,23.81,47,47,46.5
18-08-20,46.85,23.73,47,47.15,46.8
19-08-20,46.85,23.73,46.9,47.05,46.65
20-08-20,47.05,23.83,46.9,47.45,46.85
21-08-20,47.4,24.01,47.25,47.5,47.2
24-08-20,48.45,24.54,47.95,48.6,47.85
25-08-20,48.85,24.74,48.6,48.95,48.55
26-08-20,48.4,24.52,48.8,48.85,48.2
27-08-20,49.85,25.25,48.25,50.1,48.25
28-08-20,49.9,25.28,50.2,51.1,49.9
31-08-20,49.5,25.07,49.9,50.3,49.35
01-09-20,49.9,25.28,49.5,50.5,49.35
03-09-20,50.4,25.53,50.4,50.5,49.9
04-09-20,50,25.33,49.5,50,49.5
07-09-20,48.5,24.57,49.95,50,48.5
08-09-20,49.5,25.07,48.75,49.5,48.5
09-09-20,49.2,24.92,48.65,49.5,48.6
10-09-20,49.2,24.92,49.5,49.8,49.1
11-09-20,49.15,24.9,49,49.2,48.85
14-09-20,49.3,24.97,49.25,49.5,49.1
15-09-20,50,25.33,49.5,50,49.3
16-09-20,50.5,25.58,50,50.8,50
17-09-20,50,25.33,50.3,50.5,49.9
18-09-20,51.2,25.93,50.1,51.4,50
21-09-20,51.2,25.93,51.3,51.7,51.2
22-09-20,51.3,25.98,50.8,51.3,50.6
23-09-20,51.1,25.88,51.3,51.5,50.8
24-09-20,50.5,25.58,50.7,51,50.2
25-09-20,50.8,25.73,50.7,50.8,50
28-09-20,51.1,25.88,50.9,51.3,50.6
29-09-20,50.2,25.43,51.4,51.4,50.2
30-09-20,50,25.33,50.2,50.4,49.75
01-10-20,50.8,25.73,50.2,50.8,50.2
02-10-20,50.3,25.48,50.8,51.1,49
05-10-20,50.5,25.58,50.4,50.8,49.9
06-10-20,50.5,25.58,50.8,50.9,50.3
07-10-20,50.4,25.53,50.2,50.7,50.2
08-10-20,51.1,25.88,50.5,51.5,50.3
09-10-20,50.8,25.73,51,51.2,50.8
12-10-20,50.9,25.78,50.9,51.4,50.6
13-10-20,50.7,25.68,50.9,51,50.5
14-10-20,51,25.83,50.8,51.4,50.4
15-10-20,51.2,25.93,51.2,51.4,50.7
16-10-20,53.2,26.95,51.2,53.9,50.9
19-10-20,53.3,27,53.6,53.8,53
20-10-20,53.2,26.95,53.1,53.3,52.5
21-10-20,52.8,26.74,53.2,54.5,52.8
22-10-20,54,27.35,52.8,54,52.6
23-10-20,53.9,27.3,54.2,54.5,53.5
26-10-20,52.8,26.74,53.9,54.5,52.8
27-10-20,52.1,26.39,52.9,53.2,52.1
28-10-20,50.7,25.68,52,52.4,50.7
29-10-20,50.9,25.78,50.4,51.3,50.2
30-10-20,51.5,26.09,51.4,51.5,50.5
02-11-20,51.7,26.19,51.5,51.7,51.2
03-11-20,52.8,26.74,51.9,52.9,51.7
04-11-20,53,26.85,53,53.3,52.5
05-11-20,52,26.34,52.7,53.4,52
06-11-20,52.4,26.54,52.4,52.8,52.1
09-11-20,53.4,27.05,52.8,53.4,52.7
10-11-20,53,26.85,54,54,53
11-11-20,53,26.85,53.4,53.4,52.7
12-11-20,53.5,27.1,53,53.5,52.9
13-11-20,53.8,27.25,53.8,53.8,53.5
16-11-20,53.3,27,54,54.4,53
17-11-20,54,27.35,53.6,54.1,53
18-11-20,54,27.35,54.3,54.3,53.7
19-11-20,55.1,27.91,54.3,56,54
20-11-20,55.2,27.96,55.1,55.9,55
23-11-20,55.9,28.31,55.2,56.2,54.6
25-11-20,55.2,27.96,56.3,56.3,55.2
26-11-20,55.7,28.21,55.5,56,54.8
27-11-20,56.2,28.47,55.9,56.2,55.6
30-11-20,55.4,28.06,56.7,56.7,55.4
01-12-20,55.2,27.96,55,55.4,54.8
02-12-20,55.6,28.16,55,55.7,55
03-12-20,55.6,28.16,55.5,55.7,55.1
04-12-20,55.7,28.21,55.4,55.9,55.4
07-12-20,55.7,28.21,55.7,56,55.5
08-12-20,56.2,28.47,55.7,56.6,55.5
09-12-20,57.5,29.13,56.3,57.8,56.2
10-12-20,56.5,28.62,57,57.7,56.5
11-12-20,57,28.87,56.6,57,56.3
14-12-20,57.2,28.97,57,58,56.9
15-12-20,56.7,28.72,57.5,57.6,56.6
16-12-20,57.1,28.92,57.2,57.5,57
17-12-20,56.5,28.62,56.9,57.1,56
18-12-20,56.9,28.82,56.5,57.1,56.5
21-12-20,57.5,29.13,57.3,57.8,57.1
22-12-20,58.1,29.43,57.4,58.5,57.1
23-12-20,57.5,29.13,58.3,58.6,57.2
24-12-20,57,28.87,57.5,57.8,56.4
25-12-20,57.6,29.18,57,57.6,56.6
28-12-20,57.9,29.33,57.9,58.6,57.5
29-12-20,58.6,29.68,57.9,58.8,57.6
30-12-20,58.1,29.43,58.1,58.9,58.1
31-12-20,59.1,29.94,58.1,59.2,58
04-01-21,60.2,30.49,59.6,60.2,59.3
05-01-21,62.7,31.76,60,63.5,59.8
06-01-21,62.4,31.61,63.1,63.6,62.3
07-01-21,62.5,31.66,62.6,62.9,61.9
08-01-21,63.3,32.06,63,63.7,62.6
11-01-21,64.7,32.77,63.9,64.7,63.3
12-01-21,65.8,33.33,65,66,64
13-01-21,66.5,33.68,65.9,67.4,65.9
14-01-21,66.4,33.63,66.5,67,65.7
15-01-21,66.6,33.73,67,67,66.4
18-01-21,66.3,33.58,67,67,66.2
19-01-21,62,31.4,66,66.1,61.7
20-01-21,63.3,32.06,62.7,63.7,60.2
21-01-21,65.6,33.23,64.5,65.8,63.3
22-01-21,66.9,33.89,65.7,67.5,65.4
25-01-21,67,33.94,66.8,68.2,66.2
26-01-21,66,33.43,67.5,67.5,65.5
27-01-21,63,31.91,65.7,66.1,62.9
28-01-21,58.6,29.68,60,62.3,58.6
29-01-21,62.7,31.76,59,62.7,59
01-02-21,63.5,32.16,64.4,65.4,62.3
02-02-21,66,33.43,63.1,66,63
03-02-21,70,35.46,67.5,70.6,66.1
04-02-21,72.5,36.72,70.2,73.2,70.2
05-02-21,72.9,36.93,73,73.4,71.8
08-02-21,71.3,36.12,71.3,72.9,69.6
09-02-21,74.6,37.79,71.4,74.6,70
17-02-21,77.9,39.46,76.3,79,75.9
18-02-21,78.2,39.61,78,78.3,76.6
19-02-21,76.6,38.8,77.3,78,76
22-02-21,76.8,38.9,76.6,77.5,76.1
23-02-21,75.5,38.24,76.3,77,74.6
24-02-21,75.4,38.19,76,76.5,74.9
25-02-21,76.2,38.6,76.1,76.3,74.5
26-02-21,76.2,38.6,75,76.4,74.9
01-03-21,77.9,39.46,76.8,78,76.8
02-03-21,77.9,39.46,78.9,78.9,76.9
03-03-21,77.7,39.36,78,78.1,77.4
04-03-21,75.9,38.45,77.7,77.8,75.1
05-03-21,75.9,38.45,75.5,76,74.5
08-03-21,75.8,38.39,76,76.5,75.4
09-03-21,75,37.99,75,75.7,74.5
10-03-21,76.3,38.65,75.9,77.5,75
11-03-21,76.7,38.85,76.5,77.1,76.1
12-03-21,76.5,38.75,77,77.1,76.3
15-03-21,76.5,38.75,76.6,77.5,76.1
16-03-21,81,41.03,77,81.5,76.6
17-03-21,80.8,40.93,81.5,81.5,80
18-03-21,81,41.03,81,81,80
19-03-21,79.8,40.42,80,80.5,79.4
22-03-21,78.7,39.86,79.5,79.6,78.3
23-03-21,78.8,39.91,78.5,80,78.3
24-03-21,77,39,77.9,78.9,76.5
25-03-21,76.6,38.8,77.5,77.5,76.5
26-03-21,76.1,38.55,76.2,76.8,74.5
29-03-21,77.6,39.31,76.5,78.1,76.1
30-03-21,77.1,39.05,77.9,78,77
31-03-21,77.7,39.36,77.1,78.1,76.6
01-04-21,79.7,40.37,77.9,79.7,77.9
02-04-21,79.8,40.42,80.4,80.5,79.8
05-04-21,79.6,40.32,80.4,80.5,78.9
06-04-21,79.4,40.22,79.1,80,79.1
07-04-21,79.6,40.32,79.2,79.7,79.1
08-04-21,79.6,40.32,80.2,80.6,79.5
09-04-21,82.1,41.59,79.9,83,79.9
12-04-21,82.1,41.59,82.4,82.4,81.5
13-04-21,80.7,40.88,82,82.2,80.5
14-04-21,81,41.03,80,81,79.5
15-04-21,80,40.52,81,81.4,79.8
16-04-21,79.7,40.37,79.8,81.2,78.8
19-04-21,81.5,41.28,80,81.5,79.5
20-04-21,82.9,41.99,81.8,84.9,81.6
22-04-21,80,40.52,82,83.9,80
23-04-21,83,42.04,80,83,79.7
26-04-21,81,41.03,82.5,82.8,80.5
27-04-21,80.7,40.88,80.4,81.4,80.1
28-04-21,80.8,40.93,80.1,81.3,80.1
29-04-21,80.9,40.98,80.8,81.8,80.8
04-05-21,82.9,41.99,80,83.5,80
05-05-21,82.9,41.99,84.5,84.5,82.7
06-05-21,82.7,41.89,83,83.5,82.2
07-05-21,83,42.04,82.7,84,82.3
10-05-21,85.8,43.46,83.1,86,83
11-05-21,85.2,43.16,86,86.6,85.2
12-05-21,85.4,43.26,85,85.4,84.3
13-05-21,84,42.55,85,85.4,84
14-05-21,84.8,42.95,84.3,86.2,84.1
17-05-21,85.7,43.41,85.8,86.6,85.2
18-05-21,87,44.07,86.4,87.4,86.2
19-05-21,90.8,45.99,87.5,91.1,86.8
20-05-21,95.5,48.37,90.8,95.5,90.4
21-05-21,93.8,47.51,94.3,96.6,93
24-05-21,93.5,47.36,93.8,93.9,92.1
25-05-21,93.8,47.51,93.5,95.2,92.8
26-05-21,95.3,48.27,94.2,95.5,93.7
27-05-21,93.8,47.51,95.3,95.4,93.5
28-05-21,94.8,48.02,94,95,93.7
31-05-21,97.9,49.59,95.5,98,94.7
01-06-21,87.1,51.26,87.9,88.5,87
02-06-21,85.5,50.32,87.1,87.5,85
03-06-21,85.2,50.14,85,85.4,84.3
04-06-21,84.7,49.85,85,85.1,83.8
07-06-21,82.7,48.67,84.6,84.7,81
08-06-21,80.8,47.55,82,83,80.6
09-06-21,81.7,48.08,80.6,82.1,79
10-06-21,81.9,48.2,81.7,82.5,81
11-06-21,83.5,49.14,81.5,83.9,81.3
14-06-21,83.8,49.32,83.5,84.6,83
15-06-21,83.2,48.96,83.8,84.5,83.2
16-06-21,83.1,48.9,83.2,84.6,82.7
17-06-21,82.6,48.61,82.1,83.1,82.1
18-06-21,83.8,49.32,83.1,84.2,82.7
21-06-21,85.6,50.38,83.6,86.3,83.2
22-06-21,85.4,50.26,86.1,86.6,85.4
23-06-21,84.9,49.96,85.3,85.6,84.1
24-06-21,84.7,49.85,84.3,84.9,83.9
25-06-21,85.2,50.14,84.7,85.4,84.2
28-06-21,85.7,50.44,86.1,86.1,85.4
29-06-21,88.6,52.14,86.6,89,86.3
30-06-21,88,51.79,89,89.1,88
01-07-21,88.9,52.32,88.1,88.9,88
02-07-21,91.9,54.08,89.3,92.5,88.9
05-07-21,92.7,54.55,95,95,91
06-07-21,87,51.2,92.5,93,87
07-07-21,90.5,53.26,87,91,85
08-07-21,89.8,52.85,90.4,90.5,89
09-07-21,89.7,52.79,89.6,92,88.8
12-07-21,86.1,50.67,88.8,89.7,83.6
13-07-21,87,51.2,86.9,87.3,85
14-07-21,85.2,50.14,87.6,87.6,84.7
15-07-21,85.4,50.26,84.7,86.6,84.7
16-07-21,86.8,51.08,85.9,88,85.5
19-07-21,84.7,49.85,85.2,86.4,84.5
20-07-21,86.8,51.08,84.8,86.8,83.9
21-07-21,86.6,50.96,86.8,87.9,86.1
22-07-21,89.4,52.61,86.2,89.6,86.2
23-07-21,90.5,53.26,89.4,92.9,88.7
26-07-21,93.7,55.14,90.3,93.9,90.2
27-07-21,93.2,54.85,94.4,94.9,92.5
28-07-21,92,54.14,92.8,93.7,91.7
29-07-21,93.4,54.97,92,93.9,91.7
30-07-21,94,55.32,93.5,94.8,92.8
02-08-21,95.6,56.26,94,96.6,94
03-08-21,95.8,56.38,95.8,96,94.7
04-08-21,95.6,56.26,95.9,96.2,94.9
05-08-21,96.6,56.85,95.2,97,94.9
06-08-21,96.6,56.85,96.8,97.2,95.8
09-08-21,97.5,57.38,97,97.7,95.9
10-08-21,97.8,57.56,98.3,98.4,97.6
11-08-21,96.1,56.56,97.7,97.8,96.1
12-08-21,93.8,55.2,95.8,96,93.4
13-08-21,95,55.91,93.1,95,93
16-08-21,94.6,56.26,95,95.2,94.4
17-08-21,93.8,55.79,94.1,94.6,93.5
18-08-21,94,55.91,93.8,94.9,93.8
19-08-21,94.5,56.2,95,95,93.8
20-08-21,92.8,55.19,94.5,94.7,91.1
23-08-21,91,54.12,92.5,92.5,91
24-08-21,91.9,54.66,91.5,92,89.9
25-08-21,91.9,54.66,92.4,92.4,91
26-08-21,91.4,54.36,92,92.9,91.2
27-08-21,92,54.72,91,92,90.6
30-08-21,92.2,54.84,93,93,92.1
31-08-21,92.4,54.96,92.3,93.2,92
01-09-21,92.4,54.96,92.1,93,92.1
06-09-21,94.9,56.44,92.4,94.9,92.3
07-09-21,93.5,55.61,95.3,95.3,93.5
08-09-21,93.1,55.37,93.5,94.2,92.8
09-09-21,93.2,55.43,93.1,93.9,92.8
10-09-21,93.5,55.61,93.4,94.4,93.4
13-09-21,93,55.31,93.6,94,92.9
14-09-21,93.8,55.79,93.3,94.7,93
15-09-21,94.1,55.97,93.8,94.4,93.3
16-09-21,94.7,56.32,94.4,95,94.2
17-09-21,95.7,56.92,95.5,97,95.4
20-09-21,94.4,56.14,96,96.2,94.1
21-09-21,93.5,55.61,93.4,94,92.5
22-09-21,93.2,55.43,93.2,93.4,92.7
23-09-21,93.1,55.37,93.2,93.8,93
24-09-21,92.7,55.13,93.2,93.2,92.7
27-09-21,92.1,54.78,92.9,93.5,92.1
28-09-21,93,55.31,91.7,93,91.5
29-09-21,93.2,55.43,93,93.4,92.3
30-09-21,93,55.31,93.5,93.9,93
01-10-21,92.9,55.25,92.9,93.1,92.5
04-10-21,94.6,56.26,93,95.2,92.4
05-10-21,94.4,56.14,95,96,94.4
06-10-21,94.4,56.14,94.5,94.7,93.7
07-10-21,94.3,56.09,94.9,95,94.1
08-10-21,98.9,58.82,95,99.5,94.4
11-10-21,99.2,59,99,99.3,98.3
12-10-21,99,58.88,99.2,99.2,98.5
13-10-21,99.4,59.12,99,101.5,98.5
14-10-21,98.8,58.76,99.4,100,98.4
15-10-21,98.9,58.82,99.4,100.1,98.4
18-10-21,99,58.88,99,100,98.6
19-10-21,98.6,58.64,99,99.5,98.6
20-10-21,97.6,58.05,98.7,99.5,96.6
21-10-21,96.7,57.51,98.4,98.5,96.7
22-10-21,96.2,57.22,97,97.4,96.1
25-10-21,94.9,56.44,96.2,96.2,94.9
26-10-21,96.9,57.63,95,96.9,94.3
27-10-21,98.2,58.4,96.8,98.2,96.5
28-10-21,98,58.29,98.2,98.4,97.2
29-10-21,96.9,57.63,98,98,96.9
01-11-21,95.8,56.98,97.4,97.4,95.6
02-11-21,96.1,57.16,95.5,97,95.5
03-11-21,96.1,57.16,96.2,96.7,95.2
04-11-21,96,57.1,96.1,96.8,95.7
05-11-21,97.6,58.05,96.2,97.8,96
08-11-21,97.4,57.93,97.6,98.5,97.3
09-11-21,96.4,57.33,97.5,97.6,96
10-11-21,97,57.69,96.4,97,95.9
11-11-21,96,57.1,97,98,95.8
12-11-21,98,58.29,96.2,98.2,95.9
15-11-21,97.3,57.87,98.5,98.5,97.3
16-11-21,98.3,58.46,97.3,99.5,96.8
17-11-21,98.3,58.46,98.3,98.4,98
18-11-21,96.5,57.39,98.3,98.7,96.5
19-11-21,95.3,56.68,97.5,97.8,95.1
22-11-21,95,56.5,95.5,96,95
23-11-21,96.6,57.45,95,96.6,94.9
24-11-21,97.9,58.23,96.7,98.4,96.4
25-11-21,100,59.48,98.5,101.8,98.3
26-11-21,98.9,58.82,100.1,100.8,98.8
29-11-21,98.1,58.35,97.5,98.9,97.5
30-11-21,97.1,57.75,98.1,98.5,97
01-12-21,98.2,58.4,97.5,98.6,96.7
02-12-21,97.2,57.81,97.6,98.3,97.2
03-12-21,95.5,56.8,97.8,97.8,95.5
06-12-21,94.5,56.2,95.5,96.5,94.2
07-12-21,96,57.1,95,96,94.5
08-12-21,95.6,56.86,96.5,96.5,95
09-12-21,97,57.69,95.1,97,95.1
10-12-21,95.8,56.98,96.4,97,95.4
13-12-21,96,57.1,96.5,96.5,95.6
14-12-21,95.7,56.92,96,96.4,95.4
15-12-21,95.9,57.04,95.7,96.3,95.6
16-12-21,95.5,56.8,97.5,97.5,95.5
17-12-21,96.4,57.33,95.6,97,95.5
20-12-21,95.8,56.98,96.5,96.5,95.5
21-12-21,95.2,56.62,95.7,95.9,95.1
22-12-21,95,56.5,95,95.4,94.6
23-12-21,93.2,55.43,95,95,93
24-12-21,93.8,55.79,93.5,94.5,92.8
27-12-21,94.5,56.2,94.2,95,93.3
28-12-21,94.5,56.2,94.5,94.9,94.1
29-12-21,93.6,55.67,94.8,94.8,93.6
30-12-21,93.6,55.67,93.7,94.3,93.5
31-12-21,93,55.31,93.8,94.4,93
04-01-22,93.5,55.61,93.4,94.2,93.3
05-01-22,93.6,55.67,93.7,94.2,93.5
06-01-22,93.5,55.61,93.6,94,93.5
07-01-22,93.4,55.55,93.1,93.7,93.1
10-01-22,92,54.72,93.2,93.5,91.9
11-01-22,89.5,53.23,92,92.2,89.1
12-01-22,89.6,53.29,89.1,90.6,88.5
13-01-22,92.1,54.78,90.9,92.7,89.8
14-01-22,91.3,54.3,91.7,92.1,90.9
17-01-22,89,52.93,90.5,91.3,89
18-01-22,88.1,52.4,88.3,89.6,88
19-01-22,88.4,52.58,88.1,89.2,88
20-01-22,90.9,54.06,88.4,91,88.3
21-01-22,88.2,52.46,89,89.8,88.2
24-01-22,85.3,50.73,88.2,88.5,85
25-01-22,86.5,51.45,85.2,87.5,84
26-01-22,86,51.15,87,87,85.5
27-01-22,85.9,51.09,86,86.7,85.4
28-01-22,89.5,53.23,86,89.5,85.9
07-02-22,89.5,53.23,90,90.1,89
08-02-22,90.6,53.88,89.5,91.8,89.5
09-02-22,90.7,53.94,91.7,91.7,90.6
10-02-22,92,54.72,91.4,92,90.2
11-02-22,91.6,54.48,91.8,92.4,91.4
14-02-22,91,54.12,91,91.6,90.4
15-02-22,91.1,54.18,91,91.7,90.5
16-02-22,91.3,54.3,91.7,92.5,91.3
17-02-22,92.8,55.19,91.9,92.8,91
18-02-22,92.2,54.84,92.3,92.5,91.7
21-02-22,93.5,55.61,92.2,94,92
22-02-22,92.9,55.25,93,93.3,92
23-02-22,93,55.31,92.6,93.9,92.6
24-02-22,92,54.72,93,93.5,90
25-02-22,92.3,54.9,92.4,93.4,92.1
28-02-22,93.3,55.49,92.3,93.5,92.3
01-03-22,93.4,55.55,94,94,92.5
02-03-22,93.1,55.37,93,93.4,92.7
03-03-22,93.4,55.55,93.2,94,93.2
04-03-22,93.5,55.61,93.3,93.8,93
07-03-22,93.8,55.79,93.1,93.9,92.2
08-03-22,94.8,56.38,93.8,95.4,92.6
09-03-22,95.5,56.8,94.6,96.5,94.6
10-03-22,94.6,56.26,96.3,96.3,94.6
11-03-22,93.2,55.43,94.5,94.6,92.7
14-03-22,91.8,54.6,93,93,90.5
15-03-22,91,54.12,91.8,91.8,89.8
16-03-22,91.6,54.48,91.1,92.3,90.5
17-03-22,92,54.72,91.8,92.7,91.5
18-03-22,95.1,56.56,93,96.6,93
21-03-22,95.3,56.68,95.2,96,95
22-03-22,96.4,57.33,96,97,95.4
23-03-22,96.5,57.39,96.5,97.5,96
24-03-22,96,57.1,96,97.2,95.3
25-03-22,95.7,56.92,96.1,96.5,95.6
28-03-22,98.1,58.35,95.5,98.7,95.2
29-03-22,104.9,62.39,98.6,104.9,98.6
30-03-22,106,63.04,105.8,107.3,104.5
31-03-22,107,63.64,105.5,110.6,104.6
01-04-22,111,66.02,106.9,111,106.1
04-04-22,109.3,65.01,113.5,113.5,109.3
05-04-22,109,64.83,109.1,111.6,109
06-04-22,113,67.21,108.4,114,108.4
07-04-22,113.3,67.39,113.7,116.9,112.1
08-04-22,108.5,64.53,113.3,113.9,108.5
12-04-22,109.8,65.3,109,111.5,106.6
13-04-22,115.1,68.46,110,115.1,109.8
14-04-22,116.6,69.35,115.2,118.9,115.2
15-04-22,115,68.4,115.1,117.9,114
18-04-22,115.5,68.69,115,118.6,114
19-04-22,112,66.61,116.5,117,112
20-04-22,112,66.61,112,113,109.6
21-04-22,112,66.61,111.2,115.9,111.2
22-04-22,111.1,66.08,112.5,113.9,106
25-04-22,103.4,61.5,110.1,110.9,103.4
26-04-22,104.3,62.03,100.2,105,97
27-04-22,103,61.26,102.5,104,100.5
28-04-22,105.5,62.75,102.9,106.8,102.5
29-04-22,105,62.45,105,107.1,104.2
04-05-22,104.5,62.15,104.9,105.9,104.1
05-05-22,104.7,62.27,104.6,105.5,101.9
06-05-22,100.2,59.59,102.3,104,100.2
09-05-22,94,55.91,98.3,99,94
10-05-22,98.4,58.52,94,98.8,92
11-05-22,101.9,60.61,98,101.9,96.8
12-05-22,95.6,56.86,99.3,101.9,95
13-05-22,93.6,55.67,96.1,99,93.1
16-05-22,93.2,55.43,97.5,97.5,93.2
17-05-22,99.7,59.3,93,99.7,92.5
18-05-22,97.7,58.11,99.7,100.1,97.5
19-05-22,97,57.69,95.1,97.7,95.1
20-05-22,97.5,57.99,97.7,98.9,97
23-05-22,96.5,57.39,98.2,98.2,96.1
24-05-22,98.2,58.4,96.5,98.2,96
25-05-22,105,62.45,99.5,105,98.7
26-05-22,105.6,62.81,105.2,107.1,104.6
27-05-22,111.8,66.49,105.6,112,105.5
30-05-22,111.3,66.2,111.1,112.4,109.2
31-05-22,109.9,65.36,111.3,111.3,107.5
01-06-22,111.8,66.49,109.9,112.9,109.8
02-06-22,111.5,66.31,112.8,114.8,111.1
03-06-22,114,67.8,111.5,114,110.9
06-06-22,113,67.21,114,116,112
07-06-22,115.6,68.75,112.7,115.6,108.6
08-06-22,115,68.4,116.3,117.6,114.5
09-06-22,115.3,68.57,115.5,115.9,113.3
10-06-22,110,65.42,113.4,114.7,110
13-06-22,86.2,62.08,88,90.8,86
14-06-22,89.1,64.17,86,89.9,85.5
15-06-22,90.5,65.18,90.6,90.6,88
16-06-22,92,66.26,91,93.8,90.2
17-06-22,92,66.26,90.3,92.6,89
20-06-22,92,66.26,93.5,94.5,91.3
21-06-22,89.1,64.17,92.4,93.5,89
22-06-22,84.5,60.86,89.8,90.4,84.4
23-06-22,85.5,61.58,84,86.8,83.7
24-06-22,85.5,61.58,86.1,87.8,85.5
27-06-22,86.5,62.3,86.4,87.9,85.9
28-06-22,89.7,64.6,89.5,90.2,87.2
29-06-22,90,64.82,88.9,90,88.2
30-06-22,86.2,62.08,89.5,89.9,86.2
01-07-22,88,63.38,87,88.8,84.8
04-07-22,86.7,62.44,88.5,88.5,86
05-07-22,85.4,61.51,87.8,87.8,85.4
06-07-22,83.5,60.14,84.1,85.9,83.5
07-07-22,83.1,59.85,83.9,84.6,83.1
08-07-22,83.6,60.21,83.9,84,83.1
11-07-22,82.8,59.63,84.6,84.6,82.8
12-07-22,83.5,60.14,82.8,83.5,82.7
13-07-22,82.5,59.42,84,84,82.5
14-07-22,82.8,59.63,82.8,83.5,82.2
15-07-22,82.2,59.2,84,84,82.2
18-07-22,83,59.78,82.8,84.5,82.3
19-07-22,83,59.78,82.9,83,82.2
20-07-22,84.9,61.15,85,85.9,84
21-07-22,85,61.22,85.9,85.9,84.5
22-07-22,85.1,61.29,86.4,86.5,85.1
25-07-22,85.4,61.51,87,87,85.1
26-07-22,84.8,61.07,86,86,84.8
27-07-22,85.2,61.36,84.6,85.2,84.4
28-07-22,84.9,61.15,85.2,85.8,83.1
29-07-22,83.5,60.14,85.1,85.2,83.5
01-08-22,84,60.5,84,84.2,83.1
02-08-22,85,61.22,84,85.1,83.5
03-08-22,84.8,61.07,85,85.2,84.2
04-08-22,86.1,62.01,85.1,86.6,84.9
05-08-22,85.8,61.79,86.1,87.2,85.6
08-08-22,86,61.94,85.9,86.4,85.3
09-08-22,86.2,62.08,86,87.5,85.7
10-08-22,86,61.94,86.3,86.7,86
11-08-22,86,61.94,86.2,86.8,85.7
12-08-22,86.5,62.3,85.7,86.5,85.7
15-08-22,88.9,64.03,86.6,89.1,86.6
16-08-22,88.7,63.88,88.9,89.4,88.1
17-08-22,88.3,63.59,89,89.1,88
18-08-22,88.3,63.59,87.9,89.7,87.9
19-08-22,86.9,62.59,88,88.5,86.2
22-08-22,86.8,62.51,86.6,87.3,85.9
23-08-22,87,62.66,86.1,87,86.1
24-08-22,86.2,62.8,86.5,86.8,86.1
25-08-22,86.3,62.88,86.2,86.7,86
26-08-22,87.2,63.53,86.4,87.8,86.3
29-08-22,86.5,63.02,87,87,84.7
30-08-22,86.4,62.95,86.5,87,86
31-08-22,86.6,63.1,85.8,87,85.8
05-09-22,86.2,62.8,86.5,86.7,85.9
06-09-22,85.8,62.51,86,86.4,85.8
07-09-22,84,61.2,85.5,85.9,84
08-09-22,84.3,61.42,84.1,85,83.8
09-09-22,84.3,61.42,84.6,85,84.3
12-09-22,84.6,61.64,85.1,85.2,84.3
13-09-22,84.6,61.64,85,85.3,84.3
14-09-22,84,61.2,83.5,84.5,83.5
15-09-22,83.7,60.98,84.5,84.5,83.7
16-09-22,82.5,60.11,83.7,83.9,82.5
19-09-22,83.1,60.55,82.5,83.6,81.9
20-09-22,83.4,60.76,83.1,83.8,82.3
21-09-22,82.3,59.96,83.3,83.3,82.3
22-09-22,82.9,60.4,82,83,81.9
23-09-22,82.4,60.04,83.1,83.1,82.1
26-09-22,81.5,59.38,81.5,82,80.3
27-09-22,80.5,58.65,82,82,80.5
28-09-22,78,56.83,80.1,80.4,78
29-09-22,77,56.1,79.8,80.1,77
30-09-22,80.5,58.65,77,80.8,76.9
03-10-22,77,56.1,79.6,80.3,76.4
04-10-22,77.5,56.47,78,79,77.2
05-10-22,78.4,57.12,79,79.5,78.4
06-10-22,76.5,55.74,78.9,78.9,76.5
07-10-22,74,53.92,76.2,76.2,74
10-10-22,74,53.92,73.5,75.5,72.1
11-10-22,71,51.73,74,74,71
12-10-22,72.4,52.75,71,73.3,71
13-10-22,73,53.19,72.2,73,71.5
14-10-22,74,53.92,74.4,74.5,73.6
17-10-22,73.8,53.77,73.5,73.9,72.6
18-10-22,74.9,54.57,74,75.3,74
19-10-22,75.5,55.01,74.9,76.2,74.7
20-10-22,77.8,56.68,75.8,78.5,75.3
21-10-22,73.9,53.84,77.7,77.7,73.9
24-10-22,71.1,51.8,73.9,74.5,71
25-10-22,73.2,53.33,71.4,74.5,71.1
26-10-22,73.8,53.77,74.5,74.5,72.7
27-10-22,75.8,55.23,74.1,76.2,73.7
28-10-22,75,54.64,76.3,76.3,74.7
31-10-22,75.6,55.08,75,76,73.7
01-11-22,75.5,55.01,76.3,76.8,75
02-11-22,74,53.92,75.2,76,74
03-11-22,74.1,53.99,74.5,75.7,73.7
04-11-22,72.9,53.11,74,74,71.5
07-11-22,72.6,52.9,72.6,74,72.6
08-11-22,73.3,53.41,71.5,73.9,71.4
09-11-22,74,53.92,73.3,74.3,73.3
10-11-22,73,53.19,73.5,73.7,69.1
11-11-22,72.8,53.04,73.1,73.6,72
14-11-22,70.8,51.58,72,72.4,70
15-11-22,65.9,48.01,70,70,65.9
16-11-22,69.3,50.49,61.3,70,61.3
17-11-22,71,51.73,69.3,72,64.5
18-11-22,71.5,52.09,70.1,72,69.2
21-11-22,70.1,51.07,69.5,71.8,69.5
22-11-22,70.5,51.37,70,72,69.1
23-11-22,70.5,51.37,70,71,69.7
24-11-22,70.5,51.37,69.8,71,69.4
25-11-22,72,52.46,70.6,72,70.5
28-11-22,74.3,54.13,72.4,74.5,72.3
29-11-22,74.3,54.13,74.9,74.9,73
30-11-22,74.6,54.35,74.5,74.9,73.5
01-12-22,74.7,54.43,75.1,75.8,74.1
02-12-22,77.4,56.39,74.7,77.7,74
05-12-22,78.3,57.05,78,79,77.4
06-12-22,76,55.37,78.3,78.9,76
07-12-22,76.5,55.74,75.9,76.6,74.8
08-12-22,77,56.1,76.9,78.8,75.6
09-12-22,78,56.83,76.3,78,76.2
12-12-22,77,56.1,77.6,78.2,76.4
13-12-22,77.2,56.25,76.2,77.3,75.2
14-12-22,76.3,55.59,77.2,77.5,76.1
15-12-22,77.7,56.61,76.4,78.1,76.4
16-12-22,77.9,56.76,77,78,76.4
19-12-22,76.6,55.81,78.3,78.3,76.6
20-12-22,76.6,55.81,77.2,77.2,75.4
21-12-22,77.2,56.25,77.2,77.4,75.7
22-12-22,77.2,56.25,77.2,77.5,76
23-12-22,78,56.83,76.4,78,76.2
26-12-22,76.4,55.66,77.7,78.1,76.4
27-12-22,76.5,55.74,76.4,77.5,76
28-12-22,76.7,55.88,77,77,76
29-12-22,76.2,55.52,76.5,77,76.2
30-12-22,76.9,56.03,76.2,76.9,76
03-01-23,80,58.29,76.9,80,76.8
04-01-23,80,58.29,80.8,81,79.3
05-01-23,80.6,58.72,80.2,81.5,80.2
06-01-23,80.3,58.51,80.4,81.1,80.2
09-01-23,80.3,58.51,80.5,80.9,79.9
10-01-23,80.4,58.58,80.7,81.3,80.2
11-01-23,80.9,58.94,80.4,81.6,80.4
12-01-23,80.7,58.8,81,81.5,80.2
13-01-23,80,58.29,80.5,81.2,80
16-01-23,80.8,58.87,80.1,81,79.7
17-01-23,82,59.74,81.2,82,81
18-01-23,83.4,60.76,82.1,83.4,81.8
19-01-23,83.9,61.13,83,84.2,82.9
27-01-23,84,61.2,84.1,85.5,84
30-01-23,83.7,60.98,84.2,84.4,83.7
31-01-23,83.5,60.84,83.5,83.7,81.7
01-02-23,82,59.74,84,84,81.8
02-02-23,81.9,59.67,82.1,82.4,81.3
03-02-23,80.1,58.36,82,82,80.1
06-02-23,80.5,58.65,80,81.6,79.7
07-02-23,80.7,58.8,80.5,81.9,80.5
08-02-23,81.2,59.16,80.8,81.7,80.6
09-02-23,80.7,58.8,81,81.6,80.7
10-02-23,80.7,58.8,81.1,81.2,80.5
13-02-23,80.7,58.8,80.7,81.2,80
14-02-23,80.8,58.87,80.7,81,80.2
15-02-23,81.6,59.45,80.5,81.9,80.3
16-02-23,81.6,59.45,81.6,82,80.7
17-02-23,81.6,59.45,81.2,81.6,81
20-02-23,82.8,60.33,81.6,83,81.4
21-02-23,82.8,60.33,82.8,83.7,82.6
22-02-23,81.8,59.6,82.3,82.5,81.8
23-02-23,81.4,59.31,81.7,81.7,80.6
24-02-23,80.8,58.87,81.1,81.3,80.4
27-02-23,80.3,58.51,80,80.5,79.9
28-02-23,80.5,58.65,80,80.7,79.5
01-03-23,80.5,58.65,79.5,80.5,78.7
02-03-23,80,58.29,80,80.5,79.8
03-03-23,78.5,57.19,79.3,80,78.5
06-03-23,78.2,56.98,78.1,79.8,78.1
07-03-23,78.8,57.41,79.1,79.9,78.8
08-03-23,79.5,57.92,78.5,79.5,78.5
09-03-23,80.6,58.72,79.5,80.7,79.2
10-03-23,79.5,57.92,80.2,80.4,79
13-03-23,78.9,57.49,78.1,79.4,78.1
14-03-23,78.7,57.34,79,79.1,78.5
15-03-23,80.5,58.65,79.1,80.5,79.1
16-03-23,79.2,57.7,80,80,78.4
17-03-23,79,57.56,79.6,80,78.6
20-03-23,77.6,56.54,79.1,79.3,77.6
21-03-23,78.1,56.9,78.6,78.7,77.1
22-03-23,78.5,57.19,78.2,78.6,77.6
23-03-23,78,56.83,78.4,78.5,77.6
24-03-23,78.6,57.27,78.3,78.8,78
27-03-23,79.1,57.63,78.9,79.2,78.5
28-03-23,79.2,57.7,79.2,79.2,77.5
29-03-23,79,57.56,79.2,79.3,78.6
30-03-23,79.1,57.63,79,79.3,78.8
31-03-23,79.1,57.63,79.1,79.5,79
03-04-23,80.9,58.94,79.4,80.9,79.1
04-04-23,80.5,58.65,80.9,81,80
05-04-23,80.6,58.72,80.5,80.6,79.7
06-04-23,80.3,58.51,80.7,81.5,80.3
07-04-23,80.5,58.65,80.2,80.7,80
10-04-23,80.3,58.51,81,81,80.1
11-04-23,80.3,58.51,80.2,80.5,80.1
12-04-23,80.3,58.51,80.3,80.5,79.9
13-04-23,79.6,58,80.3,80.4,79.3
14-04-23,79.6,58,79.9,80.1,79.3
17-04-23,79.6,58,79.6,79.7,79
18-04-23,79.4,57.85,79.6,80,79.2
19-04-23,79.3,57.78,79.8,79.8,79.3
20-04-23,79.4,57.85,79.8,79.8,79.2
21-04-23,79.3,57.78,80,80,79.3
24-04-23,79.1,57.63,79.5,80.6,79
25-04-23,78.4,57.12,79.1,79.3,78.3
26-04-23,78.3,57.05,78.1,78.4,77.6
27-04-23,78.3,57.05,78.1,78.8,78.1
28-04-23,77.5,56.47,78.8,78.8,77.5
04-05-23,78.5,57.19,77.8,78.7,77.6
05-05-23,78.4,57.12,78.6,78.6,78.2
08-05-23,78.5,57.19,78.5,78.9,78.4
09-05-23,78.9,57.49,78.6,79.8,78.6
10-05-23,79,57.56,79,79.6,79
11-05-23,79.1,57.63,79.1,79.6,79
12-05-23,80.5,58.65,79.3,80.6,78.8
15-05-23,81,59.02,81.4,81.8,80.8
16-05-23,81.5,59.38,81,81.7,80.8
17-05-23,81.5,59.38,81.9,82.7,81.1
18-05-23,82.9,60.4,81.8,83,81.4
19-05-23,82.8,60.33,83,83.3,81.8
22-05-23,82.5,60.11,82.8,82.8,82
23-05-23,82,59.74,82.5,82.5,81.4
24-05-23,81.3,59.23,82,82.1,81.1
25-05-23,83.2,60.62,81.2,83.4,81
26-05-23,83.1,60.55,83.1,83.4,82.3
29-05-23,83.1,60.55,83.5,83.7,82.9
30-05-23,84,61.2,83,84.9,82.9
31-05-23,84.1,61.27,84.2,84.2,83.1
01-06-23,83.5,60.84,84,84,83.1
02-06-23,83.8,61.06,83.5,84.3,83.1
05-06-23,85,61.93,83.9,85.2,83.8
06-06-23,85.3,62.15,85.3,85.3,84.7
07-06-23,85,61.93,85,85.4,84.3
08-06-23,83.6,60.91,84.7,84.9,83.5
09-06-23,84.6,61.64,84.3,84.7,83.7
12-06-23,84.9,61.86,84.5,84.9,83.6
13-06-23,84.4,61.49,84.4,84.9,84.3
14-06-23,84.2,61.35,84.3,84.8,84.1
15-06-23,84.1,61.27,84.2,84.4,83.6
16-06-23,84.5,61.57,84.1,86.2,83.4
19-06-23,84.7,61.71,84.7,85.5,84.5
20-06-23,85.5,62.29,85,85.8,84.7
21-06-23,85.8,62.51,85.5,86.4,85.4
22-06-23,85.5,62.29,86.1,86.5,84.7
23-06-23,85.1,62,85.6,85.6,84.8
26-06-23,85.8,62.51,85.1,85.8,84.6
27-06-23,87.3,63.61,86,87.3,86
28-06-23,87,63.39,87.4,87.8,87
29-06-23,86.5,63.02,87,87.1,86.5
30-06-23,86,62.66,86.5,86.6,86
03-07-23,86.4,62.95,86.5,86.8,86
04-07-23,87,63.39,86.4,87,86.2
05-07-23,74.8,63.41,75.1,76.5,74.8
06-07-23,74.6,63.24,74.8,75.2,74
07-07-23,75.3,63.83,74.2,75.5,74.2
10-07-23,75.3,63.83,75.3,75.9,74.9
11-07-23,75,63.58,75.3,75.4,75
12-07-23,75.3,63.83,75,75.7,74.9
13-07-23,75.8,64.26,75.8,75.8,75.4
14-07-23,78.3,66.37,76.9,78.3,76.1
17-07-23,79,66.97,79,79.2,78.5
18-07-23,78.7,66.71,79,79,78.1
19-07-23,78.5,66.54,78.5,78.9,78.3
20-07-23,80.3,68.07,78.6,81.3,78.5
21-07-23,81,68.66,79.7,81,79.6
24-07-23,81,68.66,81,81.3,80.6
25-07-23,81.3,68.92,81,82.2,81
26-07-23,82.7,70.1,81.2,82.7,81.1
27-07-23,83.7,70.95,82.8,84.4,82.8
28-07-23,84.4,71.55,83.5,84.4,83.1
31-07-23,85.6,72.56,84.7,85.8,84.4
01-08-23,84.5,71.63,85.6,86.3,84.5
02-08-23,83.5,70.78,84.5,84.8,83.5
03-08-23,83.7,70.95,83.8,84.2,82.9
04-08-23,83.3,70.61,84,84.5,83.3
07-08-23,84.5,71.63,83.6,84.5,83.3
08-08-23,84.2,71.38,84,84.6,83.8
09-08-23,83.1,70.44,84,84.7,83
10-08-23,82.2,69.68,83.1,83.3,82.2
11-08-23,82,69.51,82,83,81.5
14-08-23,82.6,70.02,82.1,83.2,82
15-08-23,84,71.21,82.6,84.3,81.5
16-08-23,85.1,72.14,83.2,85.2,83.2
17-08-23,86,72.9,85,87.2,85
18-08-23,85.5,72.48,85.6,87.9,84.3
21-08-23,85.9,72.82,85.9,86.7,85.5
22-08-23,86.5,73.33,86.3,86.5,83
23-08-23,86.5,73.33,86.4,86.8,84.7
24-08-23,90,77.19,85.5,90.1,85.1
25-08-23,90.6,77.7,89.5,91,89.1
28-08-23,94,80.62,92,94.3,91
29-08-23,93.6,80.28,94,94,92.8
30-08-23,96.6,82.85,93.2,98.2,93.1
31-08-23,96.7,82.93,96.6,97.5,96.1
05-09-23,96.8,83.02,97.1,98.7,96.8
06-09-23,99,84.91,97.1,99,96.3
07-09-23,97.9,83.96,99,100.8,97.6
08-09-23,97.6,83.71,97.5,98.5,97
11-09-23,97.4,83.53,98.7,99.5,95.3
12-09-23,98.9,84.82,97.4,98.9,97.4
13-09-23,98,84.05,98.9,99,97.4
14-09-23,95.9,82.25,98,98,95.5
15-09-23,97.5,83.62,96,97.8,95.3
18-09-23,96.9,83.11,96.9,96.9,95.7
19-09-23,98.4,84.39,96.8,98.4,95.9
20-09-23,98.5,84.48,98.8,99.7,98.5
21-09-23,96.8,83.02,98.5,98.9,96.3
22-09-23,96.7,82.93,95.1,97,92.6
25-09-23,94.3,80.88,97,97.6,94.3
26-09-23,93.5,80.19,94.2,95.5,93.1
27-09-23,94.3,80.88,93.9,94.3,90.4
28-09-23,94,80.62,94.1,94.3,91.4
29-09-23,92.8,79.59,94,94.9,92.8
02-10-23,93.2,79.93,93.4,93.8,92
03-10-23,92.2,79.07,92.2,93.5,91.5
04-10-23,92.5,79.33,91.3,93.4,91.3
05-10-23,91.6,78.56,92.8,93.3,91.6
06-10-23,92.7,79.5,91.5,92.8,91
09-10-23,95.6,81.99,92.4,95.6,92.2
10-10-23,96.3,82.59,96.5,97.2,95.4
11-10-23,97,83.19,95.9,98,95.9
12-10-23,96.4,82.68,97,97.8,96
13-10-23,96.1,82.42,96,96.3,95.3
16-10-23,96.8,83.02,96.8,98.9,96.3
17-10-23,93.1,79.85,97.8,97.8,93.1
18-10-23,93,79.76,94.9,94.9,91
19-10-23,92,78.9,94,94.3,92
20-10-23,92.9,79.67,92.5,93,90.1
23-10-23,91,78.05,93.8,93.8,90.8
24-10-23,92,78.9,92.4,92.4,90.8
25-10-23,90.9,77.96,91.8,92.7,90.9
26-10-23,86.8,74.44,88.3,89.9,86
27-10-23,87,74.61,87.5,88,86.3
30-10-23,85,72.9,87,87.1,85
31-10-23,83,71.18,85.1,85.3,83
01-11-23,85.4,73.24,84.3,85.4,82.6
02-11-23,89,76.33,86.4,89,85.9
03-11-23,87,74.61,89,89.2,87
06-11-23,88.5,75.9,88.2,88.9,87.8
07-11-23,88.3,75.73,88.5,88.8,87.9
08-11-23,92.6,79.42,88.2,92.6,88
09-11-23,92.5,79.33,92,93.3,91.8
10-11-23,91.5,78.47,91.5,92.7,91.3
13-11-23,91.4,78.39,91.6,92,90.5
14-11-23,92.6,79.42,92,93.4,91.3
15-11-23,92.4,79.25,93.7,93.8,92
16-11-23,93,79.76,92.2,93,91.6
17-11-23,91,78.05,93.4,93.5,90.6
20-11-23,90.7,77.79,90.1,92.6,89.1
21-11-23,91.9,78.82,92,92,90.7
22-11-23,93,79.76,91.9,93.1,91.9
23-11-23,90.8,77.87,93.3,93.7,90.8
24-11-23,91.2,78.22,90.8,92,90.2
27-11-23,90.7,77.79,91.4,91.4,90.1
28-11-23,91.1,78.13,90.8,91.9,89.9
29-11-23,91.7,78.65,91.6,92,91.1
30-11-23,91.9,78.82,91.4,93.7,91.3
01-12-23,92.4,79.25,92.2,92.9,91.3
04-12-23,93.6,80.28,92.6,94,92.6
05-12-23,94.8,81.3,93.8,95.8,93.7
06-12-23,95,81.48,95,95.4,94.1
07-12-23,94.3,80.88,95.1,95.3,92.8
08-12-23,94.2,80.79,94.3,95.1,93.5
11-12-23,95,81.48,95.5,95.7,94.6
12-12-23,96.8,83.02,95.4,96.8,95.3
13-12-23,95.2,81.65,97.4,97.4,95.2
14-12-23,96.2,82.51,95.8,96.4,95.2
15-12-23,96.2,82.51,96.2,96.3,95
16-01-24,95.7,82.08,94.7,95.7,94.7
17-01-24,95.7,82.08,95.6,96,95
18-01-24,95.6,81.99,95.7,96,95.2
19-01-24,96.3,82.59,96,96.9,95.7
22-01-24,96.4,82.68,96.8,96.8,95.8
23-01-24,95.6,81.99,96.1,96.4,95.4
24-01-24,95,81.48,95.8,95.8,94.9
25-01-24,95.1,81.56,95.1,95.7,94.8
26-01-24,95.9,82.25,95.5,96.2,95.3
29-01-24,95.9,82.25,95.9,96.1,95.3
30-01-24,95.6,81.99,95.9,95.9,95.4
31-01-24,95.7,82.08,95.6,96,95.5
01-02-24,99.9,85.68,95.9,99.9,95.7
02-02-24,102,87.48,100.2,102.2,100.1
05-02-24,103.5,88.77,102,104.1,101.9
06-02-24,104.1,89.28,103.6,105,102.9
07-02-24,104.9,89.97,104.7,105,103.9
15-02-24,104,89.19,105.2,105.5,103.8
16-02-24,105.1,90.14,104,105.1,103.8
19-02-24,105,90.05,105.5,107,105
18-12-23,94,80.62,95.9,96.2,93.7
19-12-23,94.6,81.13,93.9,94.6,93.6
20-12-23,94.7,81.22,94.3,95,94.1
21-12-23,95.1,81.56,94.6,95.1,94
22-12-23,94.6,81.13,95,95.1,94.4
25-12-23,96,82.33,94.9,96.2,94.8
26-12-23,97.2,83.36,96.5,98.6,96.4
27-12-23,96.9,83.11,97.4,97.8,96.9
28-12-23,96.6,82.85,97,97,96.3
29-12-23,96.1,82.42,96.6,97,96.1
02-01-24,95.9,82.25,96.9,96.9,95.7
03-01-24,96.3,82.59,95.6,96.5,95.4
04-01-24,97.2,83.36,96.3,98.4,96.2
05-01-24,97.4,83.53,97.3,97.5,96.5
08-01-24,97.3,83.45,97.4,98.3,97.1
09-01-24,96.6,82.85,97.3,97.3,96.6
10-01-24,94.7,81.22,96.7,96.9,94.5
11-01-24,95,81.48,94.7,95.4,94.7
12-01-24,94.7,81.22,94.8,95.6,94.1
15-01-24,95.4,81.82,95,95.9,94.9
20-02-24,104.3,89.45,105.2,105.2,104
21-02-24,105.9,90.82,104,106.9,103.5
22-02-24,104.6,89.71,105.9,106,104.6
23-02-24,103.9,89.11,105.5,106.7,103.3
26-02-24,108,92.63,103.9,108,103.5
27-02-24,107.9,92.54,108.5,109.5,107.4
28-02-24,108.5,93.05,108,108.5,106.3
29-02-24,109,93.48,108.2,109.4,107.7
01-03-24,110.8,95.03,109.2,111.4,109.1
04-03-24,111.4,95.54,111,111.8,110.8
05-03-24,110.7,94.94,111.4,111.4,109.9
06-03-24,109,93.48,110,110.4,108.7
07-03-24,111.3,95.46,109.1,113.9,108.2
08-03-24,110,94.34,111.3,112.6,109.5
11-03-24,110,94.34,110,113.5,110
12-03-24,111.9,95.97,110,113.5,110
13-03-24,117,100.34,112.8,117,112
14-03-24,117,100.34,118.5,118.5,115.7
15-03-24,116,99.49,116.8,116.8,114.5
18-03-24,113,96.91,115.8,115.8,111.1
19-03-24,112,96.06,113,113,111.1
20-03-24,114.5,98.2,112.3,115,111.1
21-03-24,116.2,99.66,115.2,116.2,114.6
22-03-24,114.9,98.54,116.3,116.3,114.5
25-03-24,114,97.77,114.1,115.1,113.8
26-03-24,115,98.63,114,115.5,113.6
27-03-24,115.2,98.8,114.7,115.3,114.1
28-03-24,117.1,100.43,115.9,117.4,115.3
29-03-24,116.5,99.92,116.4,117.2,116
01-04-24,116.8,100.17,116,117.6,115.2
02-04-24,117,100.34,115.4,117,115.4
03-04-24,115.1,98.71,116.1,117,115.1
04-04-24,114,97.77,115,115.8,114
05-04-24,113.7,97.51,113.1,114.7,112.6
08-04-24,112.6,96.57,113.7,113.7,112.6
09-04-24,113,96.91,112.6,113.2,112.5
10-04-24,113.8,97.6,113.5,115.6,113.3
11-04-24,114.9,98.54,113.5,115.4,113.3
12-04-24,115.5,99.06,115.9,115.9,114.3
15-04-24,111.6,95.71,115.5,115.6,111.5
16-04-24,113,96.91,112,113.2,111.5
17-04-24,111.8,95.88,113.1,113.1,111.6
19-04-24,109,93.48,110.5,111.2,109
22-04-24,110.3,94.6,110,111.4,108.9
23-04-24,112.3,96.31,110.9,113.3,109.9
24-04-24,120.1,103,113.6,120.1,113.2
25-04-24,123.2,105.66,122.5,128,121.9
26-04-24,123.2,105.66,123,125.4,122.2
02-05-24,127.3,109.18,123.8,129,123.5
03-05-24,125.9,107.98,128.1,128.4,125.6
06-05-24,127.6,109.44,126.5,127.6,124.5
07-05-24,131.3,112.61,128,131.6,127.2
08-05-24,131,112.35,130.1,131,129.3
09-05-24,130.3,111.75,130.6,132.8,130
10-05-24,131,112.35,131.3,132.2,129.2
13-05-24,129.7,111.24,131.3,131.5,128.8
14-05-24,130.5,111.92,130,131.7,129.6
15-05-24,134.1,115.01,131.5,134.5,131.3
16-05-24,135.4,116.12,135.6,137.3,134.2
17-05-24,134.5,115.35,135.4,136,133.7
20-05-24,133,114.07,135.2,136.1,133
21-05-24,136,116.64,134,136,133.5
22-05-24,138,118.35,137.9,139.7,136.1
23-05-24,137.5,117.93,137.5,137.8,135
24-05-24,131.9,113.12,138,138,130.6
27-05-24,132.8,113.89,133,133.5,130.6
28-05-24,137,117.5,134,137,133.1
29-05-24,135.7,116.38,137.1,138.2,134.8
30-05-24,135,115.78,133.8,135,131.9
31-05-24,134.6,115.44,135,136.8,133.8
03-06-24,136.9,117.41,135,137.6,134.7
04-06-24,139.1,119.3,139,139.3,137.8
05-06-24,140.1,120.16,140,144.9,139.7
06-06-24,139.6,119.73,140.3,141.7,138.8
07-06-24,142,121.78,141,142,140.5
10-06-24,144,123.5,143.5,145,143
11-06-24,146.5,125.64,144.3,146.5,143.1
12-06-24,132,131.09,127.9,132.7,127.8
13-06-24,130,129.1,133.7,133.8,130
14-06-24,131,130.1,130.1,132.6,129
17-06-24,128.8,127.91,131,131.4,128.5
18-06-24,128,127.12,128.8,129.7,128
19-06-24,131.5,130.59,128,132.8,126.6
20-06-24,133.3,132.38,133,135.7,131.8
21-06-24,136.1,135.16,133.9,136.1,133.3
24-06-24,132.1,131.19,135,135.5,132
25-06-24,130,129.1,131,131.1,128.6
26-06-24,131.8,130.89,131,131.8,129.4
27-06-24,132.8,131.88,131.3,134.1,130.8
28-06-24,130.5,129.6,132.8,132.8,130.4
01-07-24,128.6,127.71,130.4,130.4,128.5
02-07-24,128,127.12,128.6,132.1,127.5
03-07-24,131,130.1,130.5,132.8,130.1
04-07-24,135.8,134.86,132.1,135.8,132.1
05-07-24,138.7,137.74,136.1,139.7,136.1
08-07-24,139.6,138.64,138.5,139.6,137.5
09-07-24,137.5,136.55,139.1,139.3,136
10-07-24,134,133.08,136,137,134
11-07-24,133,132.08,134.1,135.4,132.5
12-07-24,133.8,132.88,132.2,136,132.2
15-07-24,132.7,131.78,133.5,134.8,132.3
16-07-24,134,133.08,133.6,134.5,132.3
17-07-24,131.9,130.99,134,134.1,129.9
18-07-24,127.9,127.02,131.4,131.4,127.8
19-07-24,126,125.13,128.6,129.3,126
22-07-24,124.1,123.24,126,126,123.2
23-07-24,125.5,124.63,124.9,127.5,124.8
24-07-24,126,125.13,125.5,126.6,124
25-07-24,125,124.14,124.2,125.5,124.1
26-07-24,128,127.12,125.9,128,124.4
29-07-24,129,128.11,130,130.6,129
30-07-24,128,127.12,129,129.5,127
31-07-24,128.6,127.71,127.3,128.6,126.6
01-08-24,124.8,123.94,129.6,129.7,124.1
02-08-24,123.2,122.35,122.1,124.8,121
05-08-24,118.6,117.78,121.1,122.9,117.4
06-08-24,120.8,119.97,120,121.9,119.8
07-08-24,122,121.16,121,122,120.2
08-08-24,121.4,120.56,121.6,122.4,120.9
09-08-24,126.9,126.02,122.4,126.9,122
12-08-24,130,129.1,126.9,130.2,126.2
13-08-24,129.7,128.81,129.7,130.2,128
14-08-24,129.5,128.61,130.7,131.5,129.5
15-08-24,128.7,127.81,129.1,129.5,128.2
16-08-24,130.6,129.7,129.1,131,129.1
19-08-24,130.5,129.6,131.1,131.4,130
20-08-24,131.5,130.59,130.7,132.5,130.7
21-08-24,133.5,132.58,130.6,133.8,130.6
22-08-24,133.8,132.88,134,134.5,133.5
23-08-24,133.1,132.18,133.7,133.7,132.4
26-08-24,131.5,130.59,133.3,133.5,131.5
27-08-24,132.5,131.59,131.5,132.6,130.4
28-08-24,133.3,132.38,133,134.5,132.9
29-08-24,133.7,132.78,132.8,133.8,132.2
30-08-24,134.8,133.87,133.5,134.9,133
04-09-24,133,132.08,133,133,131.5
05-09-24,130.6,129.7,133,133,129.7
06-09-24,132.1,131.19,130.5,132.9,130.3
09-09-24,131.3,130.39,130.8,131.9,130.1
10-09-24,130,129.1,131,131,129.6
11-09-24,130.6,129.7,130,131.3,129.8
12-09-24,132.3,131.39,131,132.5,131
13-09-24,133,132.08,132.2,133.4,132
16-09-24,131.1,130.2,131.8,133,131.1
17-09-24,132.9,131.98,131.2,132.9,131.2
18-09-24,134.6,133.67,133.4,135.2,132.9
19-09-24,135.2,134.27,135,135.8,134.3
20-09-24,135.3,134.37,136.3,137,135
23-09-24,134,133.08,135.9,135.9,133.4
24-09-24,134.5,133.57,134,134.7,133.7
25-09-24,134.8,133.87,134.3,134.8,133.6
26-09-24,134.3,133.37,135,135,133.9
27-09-24,134.2,133.27,134.3,134.4,133.5
30-09-24,134.5,133.57,134.2,134.5,133
01-10-24,135.9,134.96,134.7,136.2,134.7
02-10-24,135.4,134.47,134.6,135.9,134.6
03-10-24,134,133.08,135.4,136.1,134
04-10-24,134.1,133.17,134.3,134.8,133.5
07-10-24,134.1,133.17,134.2,134.9,133.6
08-10-24,133.8,132.88,134.1,135.1,133.6
09-10-24,135.4,134.47,134.3,135.8,134.3
10-10-24,141.7,140.72,135.8,142,135.8
11-10-24,139.6,138.64,142,142.8,139.6
14-10-24,137.6,136.65,141.1,141.3,137.1
15-10-24,137,136.05,137.6,138.6,136.6
16-10-24,136.3,135.36,136.4,137.1,136
17-10-24,137,136.05,136.5,137.1,135.5
18-10-24,137,136.05,137.4,137.8,136.6
21-10-24,135.5,134.56,137,137.7,135.5
22-10-24,133.1,132.18,135.7,135.7,133
23-10-24,134.2,133.27,132.9,134.8,132.6
24-10-24,134.3,133.37,134.2,134.3,133.8
25-10-24,134,133.08,134.3,134.6,133.6
28-10-24,134.9,133.97,134.1,135,133.6
29-10-24,135.4,134.47,135.4,135.5,134.8
30-10-24,135.9,134.96,135.4,135.9,135.2
31-10-24,135.9,134.96,135.9,136,135.3
01-11-24,134.6,133.67,135,135,133.6
04-11-24,132.8,131.88,134.6,134.6,132.7
05-11-24,132.6,131.69,133,134,132.3
06-11-24,134.6,133.67,133.1,134.6,133
07-11-24,135.1,134.17,135.3,137.6,134.2
08-11-24,135.8,134.86,136.1,136.8,135.1
11-11-24,138.3,137.35,136.5,139.5,136
12-11-24,136.8,135.86,138.6,138.9,135.9
13-11-24,137.8,136.85,136.7,138.1,136.1
14-11-24,136,135.06,137.9,139.9,136
15-11-24,133.9,132.98,135.3,135.7,132.6
18-11-24,134,133.08,134,134.6,132.5
19-11-24,130,129.1,133.5,133.6,129.9
20-11-24,132.4,131.49,130,132.4,126.7
21-11-24,133,132.08,132.4,133,131
22-11-24,133.9,132.98,132.9,134.4,132.5
25-11-24,133.9,132.98,134,134,133.2
26-11-24,135.2,134.27,133.4,135.9,133.3
27-11-24,138.9,137.94,135.2,139.7,135.2
28-11-24,139.4,138.44,139.4,140,138.3
29-11-24,144.3,143.3,139.4,145.4,139
02-12-24,142.2,142.2,144.3,146,141.6
03-12-24,145,145,141.7,145.9,141.7
04-12-24,143.5,143.5,145,146.3,142.8
05-12-24,148.5,148.5,144,148.5,143.6
06-12-24,149.5,149.5,151.9,151.9,148
09-12-24,147,147,149.2,149.5,146.1
10-12-24,149.5,149.5,147.1,149.5,147
11-12-24,150.5,150.5,150,151.7,149.7
12-12-24,150.2,150.2,151.9,151.9,149.2
13-12-24,149.5,149.5,149.5,150.9,149.4
16-12-24,149.9,149.9,149.6,150.6,149.5
17-12-24,148,148,150.1,150.5,147.7
18-12-24,148.7,148.7,148,149.8,148
19-12-24,148.1,148.1,147.3,149,147.2
20-12-24,149.5,149.5,148.5,150.6,148.3
23-12-24,149.8,149.8,149.5,149.9,148.7
24-12-24,150.4,150.4,150,150.8,149.4
25-12-24,150.8,150.8,150.6,151.2,150.4
26-12-24,149.8,149.8,151,151.4,149.1
27-12-24,149.6,149.6,149.5,149.9,148.7
30-12-24,150.5,150.5,149.4,150.8,148.5
31-12-24,152.5,152.5,150.7,153.9,150.3
11-04-25,118.5,118.5,117,118.5,114.3
